model,store,versions,sale
AppleiPhone 11,Apple产品京东自营旗舰店,"{'64GB': '5499.00', '128GB': '5999.00', '256GB': '6799.00'}",
AppleiPhone XS Max,Apple产品京东自营旗舰店,"{'64GB': '6199.00', '256GB': '7199.00', '512GB': '7699.00'}",112万+
AppleiPhone 11 Pro  Max,Apple产品京东自营旗舰店,"{'64GB': '9599.00', '256GB': '10899.00', '512GB': '12699.00'}",
华为Mate 30 Pro 5G,华为京东自营官方旗舰店,"{'8GB+128GB': '6399.00', '8GB+256GB': '6899.00', '8GB+512GB': '7899.00'}",
华为Mate 30 5G,华为京东自营官方旗舰店,"{'8GB+128GB': '4999.00', '8GB+256GB': '5499.00'}",
AppleiPhone XR,Apple产品京东自营旗舰店,"{'64GB': '4499.00', '128GB': '4999.00', '256GB': '5999.00'}",211万+
华为荣耀V20,荣耀京东自营旗舰店,"{'全网通（6GB 128GB）': '1889.00', '全网通（8GB 128GB）': '2399.00', '全网通（8GB 256GB）': '2399.00'}",81万+
华为荣耀20,荣耀京东自营旗舰店,"{'全网通（8GB 128GB）': '2089.00', '全网通（8GB 256GB）': '2489.00'}",69万+
一加7 Pro,一加手机京东自营官方旗舰店,"{'6GB 128GB': '3899.00', '8GB 256GB': '3899.00', '12GB 256GB': '3899.00'}",36万+
华为荣耀20S,荣耀京东自营旗舰店,"{'全网通（6GB 128GB）': '1499.00', '全网通（8GB 128GB）': '1989.00'}",19万+
华为荣耀9X,荣耀京东自营旗舰店,"{'全网通（4GB 64GB）': '1099.00', '全网通（6GB 64GB）': '1289.00', '全网通（6GB 128GB）': '1789.00', '全网通（8GB 128GB）': '1999.00'}",79万+
小米小米9,小米京东自营旗舰店,"{'6GB+128GB': '2299.00', '8GB+128GB': '2499.00', '': ''}",
华为nova 6 5G,华为京东自营官方旗舰店,"{'': '', '8GB+256GB': '4199.00'}",
华为荣耀V30 PRO,荣耀京东自营旗舰店,"{'全网通（8GB 128GB）': '3899.00', '全网通（8GB 256GB）': '4199.00'}",2.1万+
AppleiPhone XS,Apple产品京东自营旗舰店,"{'64GB': '5399.00', '256GB': '6499.00', '512GB': '7099.00'}",38万+
AppleiPhone 11 Pro,Apple产品京东自营旗舰店,"{'64GB': '8699.00', '256GB': '9999.00', '512GB': '11799.00'}",
Apple 苹果 iPhone 11 双卡双待手机 黑色 64GB,聚捷联盛手机旗舰店,"{'【白条24期免息】128G': '7699.00', '256GB': '6599.00', '128GB': '5699.00', '【白条24期免息】64G': '6999.00', '64GB': '5149.00', '【白条24期免息】256G': '8999.00', '【白条6期免息】64G': '5599.00', '【白条6期免息】128G': '6199.00', '【白条6期免息】256G': '7299.00', '【白条12期免息】64G': '5999.00', '【白条12期免息】128G': '6599.00', '【白条12期免息】256G': '7699.00'}",6700+
Z5x,vivo京东自营官方旗舰店,"{'4GB+64GB': '1398.00', '6GB+64GB': '1398.00', '6GB+128GB': '1398.00', '8GB+128GB': '1398.00'}",42万+
Z5,vivo京东自营官方旗舰店,"{'6GB+64GB': '1398.00', '6GB+128GB': '1498.00', '8GB+128GB': '2098.00', '6GB+256GB': '1648.00'}",21万+
一加7T,一加手机京东自营官方旗舰店,"{'8GB 256GB': '3199.00', '8GB 128GB': '2999.00'}",7.4万+
华为nova 5 Pro,华为京东自营官方旗舰店,"{'8GB+128GB': '2499.00', '': ''}",
华为Mate 30,华为京东自营官方旗舰店,"{'': '', '6GB+128GB': '3999.00'}",
AppleiPhone7 Plus,Apple产品京东自营旗舰店,{'': '3499.00'},109万+
华为P30,华为京东自营官方旗舰店,"{'6GB+128GB': '3388.00', '8GB+64GB': '3388.00', '8GB+128GB': '3688.00', '8GB+256GB': '4188.00'}",61万+
AppleiPhone 11,佳沪手机旗舰店,"{'全网通 128GB': '5668.00', '全网通 64GB': '5188.00', '全网通 256GB': '6688.00'}",3.8万+
华为荣耀Play3,荣耀京东自营旗舰店,"{'全网通（4GB 64GB）': '889.00', '全网通（6GB 64GB）': '1299.00', '全网通（4GB 128GB）': '1299.00'}",13万+
小米CC9e,小米京东自营旗舰店,"{'4GB+64GB': '1049.00', '6GB+64GB': '1049.00', '6GB+128GB': '1049.00', '4GB+128GB': '1049.00'}",24万+
小米Redmi K30,小米京东自营旗舰店,"{'6GB+128GB': '1699.00', '8GB+128GB': '1899.00', '8GB+256GB': '2199.00'}",3万+
华为荣耀10青春版,荣耀京东自营旗舰店,"{'全网通（4GB 64GB）': '899.00', '全网通（6GB 64GB）': '1099.00', '全网通（6GB 128GB）': '1689.00'}",
华为nova 5z,华为京东自营官方旗舰店,"{'6GB+64GB': '1399.00', '6GB+128GB': '1599.00'}",14万+
华为nova 4e,华为京东自营官方旗舰店,"{'4GB+128GB': '1399.00', '6GB+128GB': '1299.00'}",26万+
华为P30 Pro,华为京东自营官方旗舰店,"{'8GB+128GB': '4488.00', '8GB+256GB': '4988.00', '8GB+512GB': '5788.00'}",
华为Mate 30 Pro,华为京东自营官方旗舰店,"{'8GB+128GB': '5799.00', '8GB+256GB': '6299.00'}",
vivoiQOO Pro 5G,vivo京东自营官方旗舰店,"{'8GB+128GB': '3498.00', '8GB+256GB': '3698.00', '12GB+128GB': '3298.00'}",11万+
华为Mate 20,华为京东自营官方旗舰店,"{'6GB+64GB': '2699.00', '6GB+128GB': '3199.00'}",43万+
AppleiPhone 8 Plus,Apple产品京东自营旗舰店,"{'64GB': '4199.00', '128GB': '4999.00', '256GB': '5599.00'}",200万+
华为荣耀20i,荣耀京东自营旗舰店,"{'全网通（6GB 64GB）': '1089.00', '全网通（4GB 128GB）': '1289.00', '全网通（6GB 128GB）': '1399.00', '全网通（6GB 256GB）': '1789.00'}",71万+
OPPOReno Ace,OPPO京东自营官方旗舰店,"{'8GB+128GB': '2999.00', '8GB+256GB': '3199.00', '12GB+256GB': '3799.00'}",8.6万+
小米Redmi 8A,小米京东自营旗舰店,"{'3GB+32GB': '699.00', '4GB+64GB': '749.00'}",19万+
小米Redmi K20Pro 尊享版,小米京东自营旗舰店,"{'8GB+128GB': '2399.00', '8GB+512GB': '2799.00', '12GB+512GB': '2799.00'}",11万+
华为华为荣耀20,荣耀京东自营旗舰店,"{'全网通（8GB 128GB）': '2689.00', '全网通（8GB 256GB）': '2989.00', 'MOSCHINO联名版（8GB 256GB）': '2989.00'}",18万+
一加7T Pro,一加手机京东自营官方旗舰店,{'': '4599.00'},1.8万+
华为荣耀V30,荣耀京东自营旗舰店,"{'全网通（6GB 128GB）': '3299.00', '全网通（8GB 128GB）': '3699.00'}",1.9万+
小米Redmi Note8 Pro,小米京东自营旗舰店,"{'6GB+64GB': '1299.00', '6GB+128GB': '1399.00', '8GB+128GB': '1599.00', '8GB+256GB': '1799.00'}",32万+
华为荣耀Magic2,荣耀京东自营旗舰店,"{'全网通（6GB 128GB）': '1789.00', '全网通（8GB 128GB）': '1799.00', '全网通（8GB 256GB）': '2299.00', '3D感光全网通（8GB 512GB）': '2299.00'}",21万+
iQOO Neo 855版,vivo京东自营官方旗舰店,"{'6GB+64GB': '1998.00', '6GB+128GB': '2298.00', '8GB+128GB': '2498.00'}",8.4万+
AppleiPhone7,Apple产品京东自营旗舰店,{'': '2899.00'},106万+
华为荣耀8X Max,荣耀京东自营旗舰店,"{'全网通（4GB 64GB）': '1189.00', '全网通（6GB 64GB）': '999.00', '全网通（4GB 128GB）': '1289.00', '全网通（6GB 128GB）': '1289.00'}",38万+
小米9 Pro,小米京东自营旗舰店,"{'8GB+256GB': '3799.00', '12GB+256GB': '4099.00', '12GB+512GB': '4299.00', '8GB+128GB': '3699.00'}",
小米Redmi K20 Pro,小米京东自营旗舰店,"{'6GB+64GB': '1999.00', '6GB+128GB': '2199.00', '8GB+128GB': '2499.00', '8GB+256GB': '2399.00'}",
三星Galaxy Note10+ 5G,三星手机京东自营官方旗舰店,{'': '7999.00'},3万+
Apple iPhone 8,Apple产品京东自营旗舰店,"{'64GB': '3299.00', '128GB': '3999.00', '256GB': '4799.00'}",153万+
OPPOK5,OPPO京东自营官方旗舰店,"{'6GB+128GB': '1799.00', '8GB+128GB': '1999.00', '8GB+256GB': '2499.00'}",7.8万+
OPPOK3,OPPO京东自营官方旗舰店,"{'6GB+64GB': '1399.00', '8GB+128GB': '1799.00', '8GB+256GB': '1799.00'}",36万+
一加7,一加手机京东自营官方旗舰店,"{'8GB 256GB': '2999.00', '12GB 256GB': '3299.00'}",21万+
三星Fold,三星手机京东自营官方旗舰店,{'': '15999.00'},
华为新品,荣耀京东自营旗舰店,"{'全网通（4GB 64GB）': '1089.00', '全网通（6GB 64GB）': '1389.00', '全网通（6GB 128GB）': '1699.00', '全网通（8GB 128GB）': '1899.00'}",3.9万+
华为nova 5i Pro,华为京东自营官方旗舰店,"{'6GB+128GB': '1799.00', '8GB+128GB': '2299.00', '8GB+256GB': '2599.00'}",
一加7T Pro,一加手机京东自营官方旗舰店,{'': '5299.00'},8200+
华为畅享9 Plus,华为京东自营官方旗舰店,"{'4GB+64GB': '999.00', '4GB+128GB': '1399.00', '6GB+128GB': '1699.00'}",60万+
AppleiPhone 11 Pro,佳沪手机旗舰店,"{'全网通 256GB': '9369.00', '全网通 64GB': '8058.00', '全网通 512GB': '12099.00'}",2700+
魅族 16th Plus,魅族京东自营旗舰店,"{'16th（8GB+128GB）': '1888.00', '16th（6GB+128GB）': '1888.00', '16 Plus（6GB+128GB）': '1888.00', '16th（6GB+64GB）': '1888.00', '16 Plus（8GB+128GB）': '1888.00'}",24万+
AppleiPhone 11 Pro Max,同达丰手机旗舰店,"{'全网通 256GB': '10199.00', '全网通 64GB': '8999.00', '全网通 512GB': '13199.00'}",2400+
Apple 苹果 iPhone11 手机 双卡双待 黑色 全网通64G,鹏瑶旗舰店,"{'全网通64G': '5199.00', '全网通256G': '6549.00', '全网通128G': '5699.00', '全网通64G 白条3期免息': '5449.00'}",1500+
联想Lenovo Z6 青春版,联想手机京东自营官方旗舰店,"{'6GB+64GB': '1098.00', '6GB+128GB': '1249.00', '4GB+64GB': '999.00'}",2.1万+
OPPOA11x,OPPO京东自营官方旗舰店,{'': '1799.00'},1.2万+
华为 nova4e 手机 雀翎蓝 6G+128G 全网通,京铠玄手机旗舰店,"{'6G+128G 全网通': '1199.00', '4G+128G 全网通碎屏险套装': '1179.00', '6G+128G 全网通碎屏险套装': '1239.00', '4G+128G 全网通': '1159.00'}",1万+
三星Galaxy Note10,三星手机京东自营官方旗舰店,{'': '5999.00'},5000+
魅族 X8,魅族京东自营旗舰店,"{'4GB+64GB': '899.00', '6GB+64GB': '999.00', '6GB+128GB': '1298.00'}",13万+
AppleiPhone 11,迪信通官方旗舰店,"{'64GB': '5299.00', '256GB': '6699.00', '128GB': '5799.00'}",1000+
华为nova 4,华为京东自营官方旗舰店,"{'6GB+128GB 2000万': '1899.00', '8GB+128GB 2000万': '1899.00', '8GB+128GB 4800万': '1899.00'}",24万+
OPPOA11,OPPO京东自营官方旗舰店,"{'4GB+128GB': '1299.00', '6GB+256GB': '1599.00', '6GB+128GB': '1499.00'}",7600+
小米9pro 5G版手机 钛银黑 8G+256G 【现货速发】,疆界互联旗舰店,"{'8G+256G 【现货速发】': '3588.00', '8G+128G': '3699.00', '12G+256G': '4099.00', '12G+512G 【现货速发】': '4199.00'}",5500+
飞利浦E171L,飞利浦手机京东自营旗舰店,{'': '168.00'},31万+
AppleA1661,好机汇二手商品专营店,"{'32G 全网通': '1599.00', '128G 全网通': '1799.00'}",2.4万+
AppleiPhone XS,马上优品二手商品旗舰店,"{'全网通 64G': '3918.00', '全网通 256G': '4428.00', '全网通 512G': '4999.00'}",2900+
飞利浦E258S,,{'': '169.00'},18万+
realmeQ,realme真我京东自营旗舰店,"{'4GB+64GB': '1098.00', '6GB+64GB': '1298.00', '8GB+128GB': '1598.00'}",8.9万+
荣耀play3华为手机加送碎屏险 极光蓝 4+64G全网通,京铠玄手机旗舰店,"{'6+64G全网通': '1099.00', '4+64G全网通': '799.60', '4+128G全网通': '1299.00'}",8900+
【华为KA直供6期免息】【自营仓发】华为 Mate30 Pro 5G版手机 mate30pro 亮黑色 8+256GB全网通,臻火旗舰店,"{'8+256GB全网通': '6899.00', '8+512GB全网通': '7899.00', '8+128GB全网通': '6399.00'}",2300+
努比亚Z20,努比亚京东自营旗舰店,"{'6GB+128GB': '2799.00', '8GB+128GB': '2999.00', '8GB+512GB': '3499.00'}",1.3万+
华为（HUAWEI）华为mate30保时捷,炜东电商旗舰店,{'': '13888.00'},100+
荣耀v30 双模5G全国通 华为手机 加送碎屏险 十二期免息0首付 魅海星蓝 8+128G 全网通,京铠玄手机旗舰店,"{'6+128G 全网通': '3299.60', '8+128G 全网通': '3699.40'}",600+
【二手9成新】Apple iPhoneX 苹果x 国行手机 X 灰色 64G 全网通,发动机优品二手手机专营店,"{'64G 全网通': '3069.00', '256G 全网通': '3568.00', '64G 全网通 0首付 6期分期白条免息': '3299.00', '256G 全网通 0首付 6期分期白条免息': '3899.00', '64G 全网通 0首付 12期分期白条免息': '3499.00', '256G 全网通 0首付 12期分期白条免息': '4016.00', '64G 全网通 0首付 3期分期白条免息': '3199.99', '256G 全网通 0首付 3期分期白条免息': '3666.00', '64G 全网通 18W PD快充套装版': '3119.00', '256G 全网通 18W PD快充套装版': '3608.00', '256G 全网通 0首付 24期分期白条免息': '4466.00'}",2800+
AppleiPhone x,泰业优品二手手机旗舰店,"{'64G 全网通': '3199.00', '256G 全网通': '3606.00', '6期免息白条分期0首付 全网通64G': '3599.00', '6期免息白条分期0首付 全网通256G': '4073.00', '12期免息白条分期0首付 全网通64G': '3699.00', '12期免息白条分期0首付 全网通256G': '4299.00'}",7400+
柔宇（ROYOLE）FlexPai柔派柔性折叠屏手机,柔宇旗舰店,{'': '8999.00'},600+
vivoiQOO,vivo官方旗舰店,"{'6GB  128GB': '2098.00', '8GB  128GB': '2298.00', '8GB 256GB': '2998.00', '12GB  256GB': '3598.00', '12GB 128GB': '3098.00'}",5.1万+
小米Redmi K20,小米京东自营旗舰店,"{'6GB+128GB': '1699.00', '8GB+256GB': '1799.00'}",11万+
【现货国行-5118元起-可分期】Apple 苹果 iPhone 11 手机 黑色 全网通 64GB,明日数码旗舰店,"{'全网通 64GB': '5128.00', '全网通 128GB': '5648.00', '全网通 256GB': '6577.00', '限时3-12期免息0首付/全网通 64GB': '5999.00', '限时3-12期免息0首付/全网通 128GB': '6599.00', '限时3-12期免息0首付/全网通 256GB': '7699.00', 'AirPods 2代无线套装/全网通 64GB': '6499.00', 'AirPods 2代无线套装/全网通 128GB': '6999.00', 'AirPods 2代无线套装/全网通 256GB': '7899.00', '全网通 64GB/赠苹果充电套装': '5299.00', '全网通 128GB/赠苹果充电套装': '5799.00', '全网通 256GB/赠苹果充电套装': '6699.00'}",8000+
Appleiphonex,泰业优品二手手机旗舰店,"{'64G 全网通『赠全新苹果充电器』': '3699.00', '256G 全网通『赠全新苹果充电器』': '4166.00', '6期免息白条分期0首付『64G』': '4099.00', '6期免息白条分期0首付『256G』': '4599.00'}",800+
华为麦芒 8,华为京东自营官方旗舰店,{'': '1599.00'},3.9万+
苹果 手机 Apple iPhone 11 白色 128GB,臻火旗舰店,"{'64GB': '5179.00', '128GB': '5759.00', '256GB': '6499.00'}",6400+
vivoU3x,vivo官方旗舰店,"{'3GB 32GB': '749.00', '3GB 64GB': '849.00', '4GB 64GB': '899.00'}",2万+
Apple 苹果 iPhone11 手机 黑色 全网通 64GB,牧申手机旗舰店,"{'全网通 64GB': '5185.00', '全网通 128GB': '5685.00', '全网通 256GB': '7985.00'}",2900+
Apple苹果xr,佳沪手机旗舰店,"{'全网通 64GB': '4468.00', '全网通 128GB': '4798.00', '全网通 256G': '5648.00'}",3.9万+
【至高优惠50】vivo Z3 水滴全面屏 高通骁龙处理器 双摄拍照 4G全网通手机 极光蓝 6GB  64GB,vivo官方旗舰店,"{'6GB  64GB': '1098.00', '6GB  128GB': '1598.00', '4GB 128GB': '1048.00'}",8.9万+
OPPOK5,OPPO酷炫手机专卖店,{'': '1799.00'},6500+
华为nova6（5G/4G版）手机 亮黑色 8+128G 全网通（5G版）,京铠玄手机旗舰店,"{'8+256G 全网通（5G版）': '4199.00', '8+128G 全网通（5G版）': '3799.00', '8+128G 全网通（4G版）': '3199.00'}",300+
一加一加7T,疆界互联旗舰店,"{'8G+128G全网通【明星单品】': '2999.00', '8G+256G全网通【明星单品】': '3299.00', '8G+256G全网通【碎屏套装+2T】': '3449.00', '8G+128G全网通【碎屏套装+2T】': '3149.00', '8G+256G全网通【银耳套装】': '3399.00', '8G+128G全网通【银耳套装】': '3099.00'}",1300+
华为（HUAWEI）HUAWEI Mate 30 Pro 5G,头号卖家旗舰店,"{'全网通8GB+256GB(5G版)': '6899.00', '全网通8GB+512GB（5G版）': '7899.00', '全网通8GB+128GB（5G版）': '6399.00'}",700+
华为P30 Pro 手机 天空之境 全网通8G+128G【 华为官方直供】,福气多多手机旗舰店,"{'全网通8G+128G【 华为官方直供】': '4488.00', '全网通8G+256G【 华为官方直供】': '4988.00', '全网通8G+512G【 华为官方直供】': '5788.00'}",0
vivoY7s,vivo京东自营官方旗舰店,{'': '1598.00'},5600+
飞利浦E256S,,{'': '288.00'},7.6万+
AppleiPhone X,马上优品二手商品旗舰店,"{'64G 全网通': '3088.00', '256G 全网通': '3518.00', '64G 全网通+外屏保': '3188.00', '256G 全网通+外屏保': '3688.00'}",8500+
三星G9298,三星手机京东自营官方旗舰店,{'': '5069.00'},1200+
AppleiPhone 11,发动机优品二手手机专营店,"{'64G 全网通 赠苹果充电套装': '4899.00', '128G 全网通 赠苹果充电套装': '5399.00', '256G 全网通': '6099.00', '64G 全网通 0首付 白条分期6期免息手机': '5266.00', '128G 全网通 0首付 白条分期6期免息手机': '5799.00', '64G 全网通 18W PD快充套装版': '4899.00', '128G 全网通 18W PD快充套装版': '5399.00'}",900+
Reno 十倍变焦版,OPPO京东自营官方旗舰店,"{'6GB+128GB': '3699.00', '6GB+256GB': '3999.00', '8GB+256GB': '4299.00'}",3.5万+
Appleipone11(A2223),淘金手机专营店,"{'全网通 (64GB)': '5118.00', '全网通 (128G)': '5688.00', '全网通(256G)': '6428.00', '全网通 (64GB)3-24期免息': '5828.00'}",3900+
诺基亚105,诺基亚手机京东自营旗舰店,"{'新105单卡': '149.00', '105单卡': '149.00', '新105双卡': '149.00', '105双卡': '149.00'}",65万+
华为（HUAWEI）华为p30,炜东电商旗舰店,"{'8GB+128GB 全网通（一年碎屏险套餐）': '3678.00', '8GB+256GB 全网通（一年碎屏险套餐）': '4188.00', '6GB+128GB 全网通（一年碎屏险套餐）': '3388.00', '8GB+64GB 全网通（一年碎屏险套餐）': '3388.00'}",1.2万+
黑鲨游戏手机2 Pro,黑鲨京东自营官方旗舰店,"{'12GB+128GB': '3499.00', '12GB+256GB': '3499.00', '12GB+512GB': '3499.00'}",6万+
【年终钜惠-直降2100元起】三星Galaxy S10+ 手机 移动定制版（可升级为全网通） 黑色 8GB+128GB,中国移动手机官方旗舰店,"{'8GB+128GB': '4899.00', '8GB+128GB（碎屏无忧套餐）': '5019.00'}",600+
三星Galaxy A80,三星手机京东自营官方旗舰店,{'': '2739.00'},4400+
联想Lenovo Z5s,联想手机京东自营官方旗舰店,"{'6GB+64GB': '898.00', '6GB+128GB': '1097.00'}",3.3万+
小米（MI）红米8A,佳沪手机旗舰店,"{'全网通4G+64G': '668.00', '全网通3G+32G': '673.00'}",7300+
华为Mate20 手机 全网通 极光色 （6G+128G),聚捷联盛手机旗舰店,"{'（6G+128G)': '2568.00', '（6G+64G）': '2699.00'}",2000+
联想Z6 Pro,联想手机京东自营官方旗舰店,{'': '3299.00'},100+
诺基亚8110 4G,诺基亚手机京东自营旗舰店,"{'裸机': '399.00', '耳机套装': '469.00'}",8.9万+
AppleApple iPhone XR,拍拍二手自营旗舰店,"{'64G全网通': '3999.00', '128G全网通': '4199.00', '256G全网通': '4699.00'}",1200+
小米 红米Note8 pro 6400万四摄Redmi手机 冰翡翠 8G+128G 全网通,疆界互联旗舰店,"{'6G+128G 全网通': '1298.00', '8G+128G 全网通': '1448.00', '6G+64G 全网通': '1188.00', '8G+256G 全网通': '1618.00'}",3900+
华为（HUAWEI）华为p30pro,炜东电商旗舰店,"{'8GB+128GB 全网通（一年碎屏险套餐）': '4478.00', '8GB+256GB 全网通（一年碎屏险套餐）': '4988.00', '8GB+512GB 全网通（一年碎屏险套餐）': '5788.00'}",8500+
Appleiphone11pro max,疆界互联旗舰店,"{'256GB': '10049.00', '64GB': '8799.00', '512GB': '12169.00', '全网通256G+1年碎屏保': '10198.00', '全网通64G+1年碎屏保': '8948.00', '全网通512G+1年碎屏保': '12318.00'}",2100+
华为畅享 9e,华为京东自营官方旗舰店,"{'3GB+32GB': '649.00', '3GB+64GB': '849.00'}",13万+
荣耀v30pro手机加送碎屏险 魅海星蓝 5G全网通 8G+128G,京铠玄手机旗舰店,"{'5G全网通 8G+128G': '3899.00', '5G全网通 8G+256G': '4199.60'}",100+
vivoiQOO Pro,vivo京东自营官方旗舰店,{'': '2898.00'},6800+
华为Mate20手机 翡冷翠 6GB+128GB（到手价2599元）,众宇通手机专营店,"{'6GB+64GB（到手价2299元）': '2699.00', '6GB+128GB（到手价2599元）': '3199.00', '6GB+128GB【分期免息】': '3199.00'}",1500+
vivoiQOO Neo,vivo官方旗舰店,"{'6GB 64GB': '1998.00', '6GB 128GB': '1998.00', '8GB 128GB': '2298.00', '8GB 256GB': '2698.00'}",8000+
魅族16Xs,魅族京东自营旗舰店,"{'全网通（6GB 64GB）': '1299.00', '全网通（6GB 128GB）': '1699.00'}",2.7万+
华为 Mate30 Pro 5G 手机（华为直供 原装正品 5G/4G可选 分期免息）下单享20重礼 亮黑色 全网通（8G+256G）5G版,久汇通官方旗舰店,"{'全网通（8G+128G）5G版': '6399.00', '全网通（8G+256G）5G版': '6899.00', '全网通（8G+512G）5G版': '7899.00', '全网通（8G+128G）4G版': '5799.00', '全网通（8G+256G）4G版': '6299.00', '全网通（8G+128G）5G版+1年碎屏险': '6599.00', '全网通（8G+256G）5G版+1年碎屏险': '7099.00', '全网通（8G+512G）5G版+1年碎屏险': '8099.00', '全网通（8G+128G）4G版+1年碎屏险': '5969.00', '全网通（8G+256G）4G版+1年碎屏险': '6469.00'}",1000+
【二手95新】Apple iPhonex XSmax苹果x xsmax 国行 二手手机 XS max灰色 256G 全网通,泰业优品二手手机旗舰店,"{'64G 全网通': '4799.00', '256G 全网通': '5354.00', '512G 全网通': '5899.00', '6期免息白条分期0首付 (64G全网通)': '5588.00', '6期免息白条分期0首付 (256G全网通)': '5999.00', '6期免息白条分期0首付 (512G全网通)': '6599.00'}",6100+
华为（HUAWEI）华为 mate30pro 5G版,同达丰手机旗舰店,"{'5G版(8G+256G)【华为无线充+华为AI音】': '6909.00', '5G版(8G+512G)【华为无线充+华为AI音】': '7899.00', '5G版(8G+128G)【华为无线充+华为AI音】': '6409.00'}",700+
小米（MI）小米红米K30,佳沪手机旗舰店,"{'全网通6G+128G': '1699.00', '全网通8G+128G': '1899.00', '全网通8G+256G': '2199.00'}",600+
小米（MI）红米note7pro,佳沪手机旗舰店,{'': '1035.00'},1.2万+
荣耀V20手机全网通智能手机 幻夜黑(6+128G)赠原装耳机+蓝牙音箱,OKSJ手机旗舰店,{'': '1699.00'},2500+
【已降200】华为nova5 Pro手机【华为直供/至高24期免息】全网通4G 亮黑色 8G+128G  （已降200）,千瑞达手机旗舰店,"{'8G+128G  （已降200）': '2499.00', '8G+256G （已降200）': '2899.00', '8G+256G （12期免息）': '3099.00'}",4100+
魅族16s,魅族京东自营旗舰店,"{'全网通（6GB 128GB）': '2399.00', '全网通（8GB 128GB）': '2589.00'}",6.9万+
中兴Blade A7,中兴京东自营官方旗舰店,"{'2GB+32GB': '498.00', '3GB+64GB': '498.00'}",1.6万+
小辣椒红辣椒9X,小辣椒手机京东自营官方旗舰店,{'': '999.00'},2600+
小米 Redmi 红米K30 王一博同款手机 深海微光 全网通6G+128G,谷高数码手机专营店,"{'全网通6G+64G': '1599.00', '全网通6G+128G': '1699.00', '全网通8G+128G': '1899.00', '全网通8G+256G': '2199.00'}",400+
华为（HUAWEI）华为nova4e,炜东电商旗舰店,"{'6G+128G全网通': '1178.00', '6G+128G 全网通一年碎屏险套装': '1229.00'}",7800+
小米（MI）小米9,疆界互联旗舰店,"{'8G+128G 全网通': '2388.00', '6G+128G 全网通': '2368.00', '8G+256G 全网通': '2488.00', '尊享12G+256G 全网通': '4999.00', '8G+128G 全网通 碎屏险套装': '2459.00'}",8900+
华为p20pro 手机 亮黑色 全网通(6G+128G),炜东电商旗舰店,{'': '2799.00'},3300+
【二手9成新】Apple iPhoneX XSmax 苹果XS max 国行二手手机 XS Max 深空灰 256G,发动机优品二手手机专营店,"{'64G': '4636.00', '256G': '5119.00', '512G': '5988.00', '全网通 64G 分期0首付 6期白条免息': '5066.00', '全网通 256G 分期0首付 6期白条免息': '5699.00', '64G+赠苹果原装充电器': '4688.00', '256G+赠苹果原装充电器': '5249.00'}",1500+
小米红米6,小米京东自营旗舰店,"{'3GB+32GB': '649.00', '4GB+64GB': '799.00'}",82万+
苹果Apple iPhone 11 Pro Max 手机全网通智能手机 暗夜绿色 256GB,OKSJ手机旗舰店,{'': '10188.00'},1900+
海信A6L双屏手机,海信手机京东自营旗舰店,"{'6GB+128GB': '2799.00', '6GB+64GB': '2599.00'}",900+
荣耀20pro手机 蓝水翡翠 8G+256G全网通咨询赠一年影视会员观影权益,疆界互联旗舰店,"{'8G+256G全网通咨询赠一年影视会员观影权益': '2599.00', '8G+128G全网通咨询赠一年影视会员观影权益': '2349.00', '8+256G 全网通 MOSCHINO联名版': '9999.00', '8G+256G+一年碎屏险': '3079.00'}",2900+
OPPO K5 6400万超清四摄30W VOOC闪充 骁龙730G拍照游戏手机 k3升级版 奇幻森林(6G+128G) 官方标配,牧申手机旗舰店,"{'官方标配': '1799.00', '超值套装': '1899.00'}",1700+
三星Galaxy A60,三星手机京东自营官方旗舰店,"{'6GB+64GB': '1339.00', '6GB+128GB': '1599.00'}",6.8万+
华为（HUAWEI）荣耀20i,炜东电商旗舰店,"{'全网通(4GB+128GB)': '1099.00', '全网通（6GB+64GB）': '999.00', '全网通（6GB+128GB）': '1459.00', '全网通（6GB+256GB）': '1499.00'}",7400+
华为畅享Max 7.12寸大屏手机 幻夜黑 全网通（6GB+128GB）,聚捷联盛手机旗舰店,{'': '1159.00'},800+
AppleA1661,瓜子二手商品专营店,"{'32G 全网通': '1599.00', '128G 全网通': '1768.00'}",3900+
华为（HUAWEI）华为mate20,牧申手机旗舰店,"{'6+64G 官方标配': '2699.00', '6+64G 碎屏险套餐': '2799.00', '6+128G 【官方标配】': '2599.00', '6+128G 碎屏险套餐': '3199.00'}",3400+
华为（HUAWEI）荣耀v20,佳沪手机旗舰店,"{'全网通8G+128G': '1899.00', '全网通6G+128G': '1699.00'}",8300+
纽曼N99,纽曼京东自营官方旗舰店,{'': '119.00'},9500+
小米 红米8A 手机 智能老人学生机 深海蓝 4GB+64GB,明日数码旗舰店,"{'3GB+32GB': '658.00', '4GB+64GB': '668.00'}",1600+
华为（HUAWEI）荣耀V30 Pro,掌视界数码旗舰店,{'': '4199.00'},200+
联想Lenovo Z5,联想手机京东自营官方旗舰店,{'': '798.00'},19万+
vivoX27Pro,vivo官方旗舰店,{'': '3298.00'},1600+
【现货国行-7999元起-可分期】Apple 苹果 iPhone 11Pro 手机 深空灰色 全网通(64GB),明日数码旗舰店,"{'全网通(64GB)': '8069.00', '全网通(256GB)': '9499.00', '全网通(512GB)': '11159.00', '3-12期免息/全网通(64GB)': '9399.00', '3-12期免息/全网通(256GB)': '10999.00', 'AirPods 2代无线套装/全网通(64GB)': '9499.00', 'AirPods 2代无线套装/全网通(256GB)': '10799.00', '全网通(64GB)赠苹果充电套装': '8466.00', '全网通(256GB)赠苹果充电套装': '9799.00'}",800+
中兴Blade V10,中兴京东自营官方旗舰店,"{'4GB+64GB': '999.00', '4GB+128GB': '999.00'}",7700+
【现货速发-国行正品】苹果 iPhone 11 Pro Max  全网通手机 暗夜绿色 256GB,中国移动手机官方旗舰店,"{'64GB': '9228.00', '256GB': '10468.00', '512GB': '12228.00', '64GB（+Airpods套装版）': '10388.00', '256GB（+Airpods套装版）': '11628.00', '512GB（+Airpods套装版）': '13345.00'}",2700+
vivoNEX3,vivo官方旗舰店,"{'8GB 256GB': '4998.00', '12GB 256GB': '5498.00'}",1300+
华为荣耀 20pro手机【立减100+赠价值400元豪华5重大礼+白条免息】 蓝水翡翠 全网通8GB+128GB,天翼电信旗舰店,"{'全网通8GB+256GB': '2899.00', '全网通8GB+128GB': '2599.00'}",2900+
vivoS1,vivo京东自营官方旗舰店,"{'4GB+128GB': '1598.00', '6GB+64GB': '1298.00', '6GB+128GB': '1898.00'}",4.4万+
华为（HUAWEI）20i,众盛手机专营店,"{'(6G RAM+64G ROM)': '999.00', '(4G RAM+128G ROM)': '1069.00', '(6G RAM+128G ROM)': '1399.00', '(6G RAM+256G ROM)': '1799.00'}",2100+
苹果Apple iPhone11 手机 黑色 全网通 64GB,京联通达旗舰店,"{'全网通 64GB': '5299.00', '全网通 128GB': '5799.00', '全网通256GB': '6799.00'}",2600+
realmeX青春版,realme真我京东自营旗舰店,"{'4GB+64GB': '1199.00', '6GB+64GB': '1199.00', '6GB+128GB': '1199.00'}",8.4万+
OPPOReno Ace,OPPO手机乐良专卖店,"{'全网通': '2999.00', '超值套装': '3099.00'}",3200+
华为Mate30pro 手机（5G版可选） 亮黑 全网通(8G+256G)(5G版),掌视界数码旗舰店,"{'全网通(8G+128G)(4G版)': '5799.00', '全网通(8G+256G)(4G版)': '6299.00', '全网通(8G+256G)(5G版)': '6899.00', '全网通(8G+512G)(5G版)': '7899.00'}",4200+
飞利浦E319,飞利浦手机京东自营旗舰店,"{'E319': '199.00', 'E105': '99.00'}",7.2万+
华为mate30 手机(5G/4G版可选)（白条6期免息0首付+送一年碎屏险） 亮黑色 8GB+128GB全网通（5G版）,炜东电商旗舰店,"{'8GB+128GB全网通（5G版）': '4999.00', '8GB+256GB全网通（5G版）': '5499.00', '8G+128GB全网通（4G版）': '4299.00', '6G+128GB全网通（4G版）': '3999.00'}",800+
华为（HUAWEI）mate30 RS,牧申手机旗舰店,"{'24期免息版12G+512G': '15339.00', '全网通 12+512G': '13788.00'}",20+
小米 红米Redmi Note8 Pro智能手机  6400万超广角四摄  液冷游戏芯 全网通版 冰翡翠 8GB+128GB,伟德手机专营店,"{'6GB+64GB': '1188.00', '6GB+128GB': '1298.00', '8GB+128GB': '1438.00', '8GB+256GB': '1688.00'}",2000+
AppleXS max,万城优品二手手机专营店,"{'64G 全网通': '4569.00', '256G 全网通': '5159.00', '512G 全网通': '5899.00', '64G 全网通 12期白条免息': '5199.00', '256G 全网通 12期白条免息': '5799.00', '512G 全网通 12期白条免息': '9099.00'}",3500+
OPPOReno Ace,OPPO官方直营旗舰店,"{'标配版': '2999.00', '新品首销有礼': '3099.00'}",5100+
华为nova5 4G手机（白条分期免息+华为直供 原装正品 ）尊享19重豪礼 绮境森林 全网通（8G+128G）,久汇通官方旗舰店,"{'全网通（8G+128G）': '2599.00', '全网通（8G+128G）+1年碎屏险(收货速绑定）': '2669.00'}",
【二手99新】 Apple iPhone X 苹果x 二手手机 深空灰 256G 全网通,发动机优品二手手机专营店,"{'64G 全网通': '3566.00', '256G 全网通': '3949.00', '64G 全网通 6期免息': '3866.00', '256G 全网通 6期免息': '4199.00'}",200+
荣耀9x华为手机 保价7天 货到付款 魅海蓝 4+64G全网通,京铠玄手机旗舰店,"{'6+64G 全网通': '1299.00', '8+128G全网通': '1999.00', '6+128G 全网通': '1599.00', '4+64G全网通': '1099.00'}",2400+
AppleiPhone7 Plus,佳沪手机旗舰店,"{'全网通 128GB': '3428.00', '全网通 32GB': '4399.00'}",9000+
AppleiPhone 8 Plus,马上优品二手商品旗舰店,"{'64G 全网通': '2458.00', '256G 全网通': '3099.00', '64G 全网通+碎屏无忧': '2488.00', '256G 全网通+碎屏无忧': '3119.00'}",3700+
小米（MI） 小米8 游戏手机 黑 全网通6GB+128GB,谷高数码手机专营店,"{'全网通6GB+128GB': '1898.00', '全网通8GB+128GB': '2298.00', '全网通6GB+256GB': '2498.00', '移动全网通6GB+128GB': '1738.00'}",6000+
华为nova6 （5G/4G) 手机se 普罗旺斯 全网通5G版（8+128GB）,冰之凯盛手机专营店,"{'全网通5G版（8+128GB）': '3799.00', '全网通5G版（8+256GB）': '4199.00', '全网通4G版（8+128GB）': '3199.00'}",100+
华为（HUAWEI）华为nova6 5G版,炜东电商旗舰店,"{'全网通5G版（8G+128G）': '3799.00', '全网通5G版（8G+256G）': '4199.00', '全网通4G版（8G+128G）': '3199.00'}",200+
三星（SAMSUNG）w2019,炜东电商旗舰店,{'': '11999.00'},900+
飞利浦E171L,飞利浦手机京东自营旗舰店,{'': '168.00'},8.4万+
vivoY9s,vivo京东自营官方旗舰店,{'': '1998.00'},500+
金立金立K3,金立手机京东自营旗舰店,"{'4GB+64GB': '749.00', '6GB+128GB': '749.00'}",5100+
【现货3期免息】荣耀v30 双模5G手机 幻夜星河 全网通 6GB+128GB 碎屏险套装,新松联手机旗舰店,"{'全网通 8GB+128GB 碎屏险套装': '3699.00', '全网通 6GB+128GB 碎屏险套装': '3299.00', '全网通 8GB+128GB 智能AI音箱套装': '3749.00', '全网通 6GB+128GB  荣耀手环5NFC套装': '3459.00', '全网通 8GB+128GB 荣耀手环5NFC套装': '3859.00'}",900+
AppleiPhone 6s,海之博优品二手商品专营店,"{'16G 全网通': '708.00', '32G 全网通': '836.00', '64G 全网通': '896.00', '128G 全网通': '1166.00'}",1.2万+
华为（HUAWEI）畅享9,佳沪手机旗舰店,{'': '779.00'},3500+
锤子（smartisan）坚果Pro3,牧申手机旗舰店,"{'8+128GB': '2899.00', '8+256GB': '3199.00', '12+256GB': '3399.00'}",100+
OPPOOPPO Reno,OPPO京东自营官方旗舰店,"{'6GB+128GB': '1999.00', '6GB+256GB': '1999.00', '8GB+256GB': '1999.00'}",9.3万+
OPPO K3【到手价1299起】千元高通骁龙710 升降摄像头光感屏下指纹解锁全面屏智能拍照手机 星云紫 全网通(8G RAM+128G ROM),OPPO官方直营旗舰店,"{'全网通(8G RAM+128G ROM)': '1799.00', '全网通(6G RAM+64G ROM)': '1399.00', '全网通(8G RAM+256G ROM)': '2299.00'}",3万+
飞利浦E219,飞利浦手机京东自营旗舰店,{'': '299.00'},1.5万+
华为（HUAWEI） 华为畅享9 Plus 手机 极光紫 全网通(6G+128G),掌视界数码旗舰店,"{'移动全网通(4G+128G)': '998.00', '全网通(4G+128G)': '1070.00', '全网通(6G+128G)': '1198.00'}",1.2万+
华为 Mate30 5G 手机（可选4G版 华为直供 原装正品 现货速发 ）下单尊享19重豪礼 亮黑色(8G+128G)5G版,久汇通官方旗舰店,{'': '4999.00'},2000+
vivovivo iqoo neo 855,vivo耀诚鑫专卖店,"{'6G 64G': '1998.00', '6G 128G': '2298.00', '8G 128G': '2498.00', '6+128GB套装': '2398.00', '6+64GB套装': '2098.00'}",1300+
华为（HUAWEI）mate20pro,牧申手机旗舰店,"{'6GB+128GB 全网通': '3588.00', '8GB+128GB 全网通': '4599.00'}",2100+
魅族Note9,魅族京东自营旗舰店,"{'全网通（4GB 64GB）': '1099.00', '全网通（6GB 64GB）': '1199.00'}",3.9万+
华为Mate30  手机（5G版可选） 亮黑 全网通(8G+128G)(5G版),掌视界数码旗舰店,"{'全网通(6G+128G)(4G版)': '3999.00', '全网通(8G+128G)(4G版)': '4299.00', '全网通(8G+128G)(5G版)': '4999.00', '全网通(8G+256G)(5G版)': '5499.00'}",5000+
一加OnePlus 7T,牧申手机旗舰店,"{'8+256GB': '3299.00', '8+128GB': '2999.00'}",700+
AppleApple iPhone 7,拍拍二手自营旗舰店,"{'32G全网通': '1569.00', '128G全网通': '1869.00', '256G全网通': '2199.00'}",1700+
荣耀V30Pro 5G双模华为手机 魅海星蓝 全网通(8+256G),明日数码旗舰店,"{'全网通(8+256G)': '4199.00', '全网通(8+128G)': '3899.00'}",100+
华为（HUAWEI）nova5pro,京合旗舰店,"{'全网通8GB+128GB': '2499.00', '全网通8GB+256GB': '2899.00'}",2200+
vivo U3x手机 全网通水滴全面屏超广角AI三摄5000mAh持久续航 赤茶红 4GB+64GB 全网通,vivo兰珊专卖店,"{'全网通': '899.00', '超值套装': '999.00'}",3200+
Apple 苹果6 iphone6,闪搜二手手机专营店,"{'16G 全网通+一年碎屏险': '708.00', '16G 全网通': '668.00', '64G 全网通+一年碎屏险': '928.00', '64G 全网通': '888.00', '32G 全网通+一年碎屏险': '808.00', '32G 全网通': '768.00'}",6500+
AppleiPhone X,智达二手手机专营店,"{'64G 全网通4G': '3049.00', '256G 全网通4G': '3519.00', '64G 全网通4G 赠原装充电器': '3188.00', '256G 全网通4G 赠原装充电器': '3688.00', '64G 全网通4G【6期免息】': '3279.00', '256G 全网通4G【6期免息】': '3869.00'}",0
华为畅享9s 手机 幻夜黑 全网通（4GB+128GB）,京联通达旗舰店,{'': '969.00'},1400+
华为P30手机 天空之境 （8G+128G）,聚捷联盛手机旗舰店,"{'（6G+128G）': '3388.00', '8G+128G(12期免息版)': '3858.00', '（8G+256G）': '4188.00', '（8G+128G）': '3668.00', '（8G+64G）': '3388.00'}",3600+
摩托罗拉XT1925-10,摩托罗拉手机京东自营官方旗舰店,{'': '649.00'},7200+
AppleiPhone 8 Plus,马上优品二手商品旗舰店,"{'64G 全网通': '2458.00', '256G 全网通': '3099.00', '64G 全网通+碎屏无忧': '2488.00', '256G 全网通+碎屏无忧': '3119.00'}",3700+
,,"{'全网通6GB+128GB': '1898.00', '全网通8GB+128GB': '2298.00', '全网通6GB+256GB': '2498.00', '移动全网通6GB+128GB': '1738.00'}",
华为nova6 （5G/4G) 手机se 普罗旺斯 全网通5G版（8+128GB）,冰之凯盛手机专营店,"{'全网通5G版（8+128GB）': '3799.00', '全网通5G版（8+256GB）': '4199.00', '全网通4G版（8+128GB）': '3199.00'}",100+
华为（HUAWEI）华为nova6 5G版,炜东电商旗舰店,"{'全网通5G版（8G+128G）': '3799.00', '全网通5G版（8G+256G）': '4199.00', '全网通4G版（8G+128G）': '3199.00'}",200+
三星（SAMSUNG）w2019,炜东电商旗舰店,{'': '11999.00'},900+
飞利浦E171L,飞利浦手机京东自营旗舰店,{'': '168.00'},8.4万+
vivoY9s,vivo京东自营官方旗舰店,{'': '1998.00'},500+
金立金立K3,金立手机京东自营旗舰店,"{'4GB+64GB': '749.00', '6GB+128GB': '949.00'}",5100+
【现货3期免息】荣耀v30 双模5G手机 幻夜星河 全网通 6GB+128GB 碎屏险套装,新松联手机旗舰店,"{'全网通 8GB+128GB 碎屏险套装': '3699.00', '全网通 6GB+128GB 碎屏险套装': '3299.00', '全网通 8GB+128GB 智能AI音箱套装': '3749.00', '全网通 6GB+128GB  荣耀手环5NFC套装': '3459.00', '全网通 8GB+128GB 荣耀手环5NFC套装': '3859.00'}",900+
AppleiPhone 6s,海之博优品二手商品专营店,"{'16G 全网通': '708.00', '32G 全网通': '836.00', '64G 全网通': '896.00', '128G 全网通': '1166.00'}",1.2万+
华为（HUAWEI）畅享9,佳沪手机旗舰店,{'': '779.00'},3500+
锤子（smartisan）坚果Pro3,牧申手机旗舰店,"{'8+128GB': '2899.00', '8+256GB': '3199.00', '12+256GB': '3399.00'}",100+
OPPOOPPO Reno,OPPO京东自营官方旗舰店,"{'6GB+128GB': '1999.00', '6GB+256GB': '1999.00', '8GB+256GB': '1999.00'}",9.3万+
OPPO K3【到手价1299起】千元高通骁龙710 升降摄像头光感屏下指纹解锁全面屏智能拍照手机 星云紫 全网通(8G RAM+128G ROM),OPPO官方直营旗舰店,"{'全网通(8G RAM+128G ROM)': '1799.00', '全网通(6G RAM+64G ROM)': '1399.00', '全网通(8G RAM+256G ROM)': '2299.00'}",3万+
飞利浦E219,飞利浦手机京东自营旗舰店,{'': '299.00'},1.5万+
华为（HUAWEI） 华为畅享9 Plus 手机 极光紫 全网通(6G+128G),掌视界数码旗舰店,"{'移动全网通(4G+128G)': '998.00', '全网通(4G+128G)': '1070.00', '全网通(6G+128G)': '1198.00'}",1.2万+
华为 Mate30 5G 手机（可选4G版 华为直供 原装正品 现货速发 ）下单尊享19重豪礼 亮黑色(8G+128G)5G版,久汇通官方旗舰店,{'': '4999.00'},2000+
vivovivo iqoo neo 855,vivo耀诚鑫专卖店,"{'6G 64G': '1998.00', '6G 128G': '2298.00', '8G 128G': '2498.00', '6+128GB套装': '2398.00', '6+64GB套装': '2098.00'}",1300+
华为（HUAWEI）mate20pro,牧申手机旗舰店,"{'6GB+128GB 全网通': '3588.00', '8GB+128GB 全网通': '4599.00'}",2100+
魅族Note9,魅族京东自营旗舰店,"{'全网通（4GB 64GB）': '1099.00', '全网通（6GB 64GB）': '1199.00'}",3.9万+
华为Mate30  手机（5G版可选） 亮黑 全网通(8G+128G)(5G版),掌视界数码旗舰店,"{'全网通(6G+128G)(4G版)': '3999.00', '全网通(8G+128G)(4G版)': '4299.00', '全网通(8G+128G)(5G版)': '4999.00', '全网通(8G+256G)(5G版)': '5499.00'}",5000+
一加OnePlus 7T,牧申手机旗舰店,"{'8+256GB': '3299.00', '8+128GB': '2999.00'}",700+
AppleApple iPhone 7,拍拍二手自营旗舰店,"{'32G全网通': '1569.00', '128G全网通': '1869.00', '256G全网通': '2199.00'}",1700+
荣耀V30Pro 5G双模华为手机 魅海星蓝 全网通(8+256G),明日数码旗舰店,"{'全网通(8+256G)': '4199.00', '全网通(8+128G)': '3899.00'}",100+
华为（HUAWEI）nova5pro,京合旗舰店,"{'全网通8GB+128GB': '2499.00', '全网通8GB+256GB': '2899.00'}",2200+
vivo U3x手机 全网通水滴全面屏超广角AI三摄5000mAh持久续航 赤茶红 4GB+64GB 全网通,vivo兰珊专卖店,"{'全网通': '899.00', '超值套装': '999.00'}",3200+
Apple 苹果6 iphone6,闪搜二手手机专营店,"{'16G 全网通+一年碎屏险': '708.00', '16G 全网通': '668.00', '64G 全网通+一年碎屏险': '928.00', '64G 全网通': '888.00', '32G 全网通+一年碎屏险': '808.00', '32G 全网通': '768.00'}",6500+
AppleiPhone X,智达二手手机专营店,"{'64G 全网通4G': '3049.00', '256G 全网通4G': '3519.00', '64G 全网通4G 赠原装充电器': '3188.00', '256G 全网通4G 赠原装充电器': '3688.00', '64G 全网通4G【6期免息】': '3279.00', '256G 全网通4G【6期免息】': '3869.00'}",900+
华为畅享9s 手机 幻夜黑 全网通（4GB+128GB）,京联通达旗舰店,{'': '969.00'},1400+
一加OnePlus 7T,牧申手机旗舰店,"{'8+256GB': '3299.00', '8+128GB': '2999.00'}",700+
AppleApple iPhone 7,拍拍二手自营旗舰店,"{'32G全网通': '1569.00', '128G全网通': '1869.00', '256G全网通': '2199.00'}",1700+
荣耀V30Pro 5G双模华为手机 魅海星蓝 全网通(8+256G),明日数码旗舰店,"{'全网通(8+256G)': '4199.00', '全网通(8+128G)': '3899.00'}",100+
华为（HUAWEI）nova5pro,京合旗舰店,"{'全网通8GB+128GB': '2499.00', '全网通8GB+256GB': '2899.00'}",2200+
vivo U3x手机 全网通水滴全面屏超广角AI三摄5000mAh持久续航 赤茶红 4GB+64GB 全网通,vivo兰珊专卖店,"{'全网通': '899.00', '超值套装': '999.00'}",3200+
Apple 苹果6 iphone6,闪搜二手手机专营店,"{'16G 全网通+一年碎屏险': '708.00', '16G 全网通': '668.00', '64G 全网通+一年碎屏险': '928.00', '64G 全网通': '888.00', '32G 全网通+一年碎屏险': '808.00', '32G 全网通': '768.00'}",6500+
AppleiPhone X,智达二手手机专营店,"{'64G 全网通4G': '3049.00', '256G 全网通4G': '3519.00', '64G 全网通4G 赠原装充电器': '3188.00', '256G 全网通4G 赠原装充电器': '3688.00', '64G 全网通4G【6期免息】': '3279.00', '256G 全网通4G【6期免息】': '3869.00'}",900+
华为畅享9s 手机 幻夜黑 全网通（4GB+128GB）,京联通达旗舰店,{'': '969.00'},1400+
华为P30手机 天空之境 （8G+128G）,聚捷联盛手机旗舰店,"{'（6G+128G）': '3388.00', '8G+128G(12期免息版)': '3858.00', '（8G+256G）': '4188.00', '（8G+128G）': '3668.00', '（8G+64G）': '3388.00'}",3600+
AppleApple iPhone 8,拍拍二手自营旗舰店,{'': '2699.00'},900+
华为（HUAWEI）畅享9,伟德手机专营店,{'': '798.00'},1.7万+
AppleiPhone X,可多优品二手手机专营店,"{'64G全网通': '3149.00', '256G全网通': '3537.00', '64G全网通 白条12期免息0首付': '3705.00', '256G全网通 白条12期免息0首付': '4161.00'}",1.9万+
【华为官方直供】华为手机 P30 Pro 【直降500/分期0首付/华为原装无线充礼包】p30pro 天空之境 8+128GB全网通,臻火旗舰店,"{'8+128GB全网通': '4488.00', '8+256GB全网通': '4988.00'}",1.3万+
荣耀20i 保价10天 加碎屏险+影视会员 华为手机 幻夜黑 6+64G 全网通,京铠玄手机旗舰店,"{'4+128G 全网通': '1299.00', '6+256G 全网通': '1799.00', '6+64G 全网通': '999.60'}",1.3万+
华硕手机ROG2腾讯游戏深度定制骁龙855Plus芯片120Hz电竞屏全网通双4游戏手机 精英版 8GB+128GB,顺电手机旗舰店,{'': '3299.00'},300+
OPPO Reno2手机 4800万四摄 opporeno2 r17/r15 海洋之心(8G+128G) 官方标配,牧申手机旗舰店,{'': '2999.00'},2100+
ROGROG游戏手机2,佳沪手机旗舰店,"{'精英版8GB+128GB': '3349.00', '经典版12GB+512GB': '5945.00', '至尊版12GB+1T': '7979.00'}",1100+
AppleiPhone 11 Pro Max,茄子手机旗舰店,"{'512GB': '12108.00', '256GB': '10178.00', '64GB': '9028.00', '(白条24期免息0首付) 64GB': '10198.00'}",2800+
AppleiPhone7,经典二手商品专营店,"{'32G 全网通': '1069.00', '128G 全网通': '1399.00', '32G白条6期免息': '1137.00', '128G白条6期免息': '1488.00', '32G白条12期免息': '1215.00', '128G白条12期免息': '1590.00'}",2.7万+
OPPOPCGM00,OPPO酷炫手机专卖店,"{'官方标配': '1799.00', '超值套装': '1899.00'}",1.7万+
【现货国行-8738元起-可分期】Apple 苹果 iPhone 11Pro Max 手机 暗夜绿色 全网通(256GB),明日数码旗舰店,"{'全网通(256GB)': '10099.00', '全网通(64GB)': '8888.00', '全网通(512GB)': '12199.00', '3-12期免息/全网通(256GB)': '11699.00', '3-12期免息/全网通(64GB)': '10399.00', 'AirPods 2代无线套装/全网通(256GB)': '11499.00', 'AirPods 2代无线套装/全网通(64GB)': '10299.00', 'AirPods 2代无线套装/全网通(512GB)': '13599.00', '全网通(256GB)赠苹果充电套装': '10399.00', '全网通(64GB)赠苹果充电套装': '9068.00'}",2300+
三星Galaxy A50s,三星手机京东自营官方旗舰店,{'': '1868.00'},700+
天语HD1,,{'': '499.00'},2700+
华为（HUAWEI）华为nova5pro,佳沪手机旗舰店,"{'全网通8G+128G【咨询立省200】': '2499.00', '全网通8G+256G【咨询立省200】': '2899.00'}",4000+
新款4G+64G大内存 6.1英寸水滴大屏 小辣椒9e安卓智能手机 全网通4G 学生价超薄指纹一体机 渐变黑 4G+64G,广中达官方旗舰店,"{'4G+64G': '569.00', '6G+64G': '699.00', '6G+128G': '799.00'}",1.2万+
华为（HUAWEI）P30 Pro,天翼电信旗舰店,"{'8GB+128GB': '4488.00', '8GB+256GB': '4988.00', '8GB+512GB': '5788.00'}",1900+
OPPO Reno2手机【12期免息+耳机】findx/r17/r15升级款opporeno2z手机 Reno 2薄雾粉(8GB+128G) 标配(蓝牙耳机+蓝牙音箱),头号卖家旗舰店,"{'标配(蓝牙耳机+蓝牙音箱)': '2999.00', '套餐(蓝牙耳机+扫地机器人)': '3049.00'}",2400+
三星（SAMSUNG）G8750,三星二手手机旗舰店,"{'64G': '1799.00', '移动版(CMCC)': '1499.00'}",900+
1699！OPPO K5手机【下单省200+耳机】findx/ r15/k1/k3升级款oppok5 奇幻森林 6GB+128GB 标配(原装耳机+蓝牙音箱),头号卖家旗舰店,"{'标配(原装耳机+蓝牙音箱)': '1799.00', '套餐(原装耳机+扫地机器人)': '1849.00'}",3000+
AppleiPhone8 Plus,同城帮二手商品专营店,"{'64GB 全网通4G': '2499.00', '256GB 全网通4G': '3288.00'}",2800+
OPPO Reno Ace【到手价2999起】高通骁龙855Plus65W超级闪充90Hz电竞屏游戏 高达定制版8GB+256GB 标配版,OPPO官方直营旗舰店,"{'标配版': '3599.00', '超值套装': '3699.00'}",400+
黑莓BlackBerry KEY2,黑莓手机京东自营官方旗舰店,"{'6GB+64GB': '3499.00', '6GB+128GB': '3999.00'}",1.2万+
一加一加7Pro,疆界互联旗舰店,"{'8G+256G全网通【明星单品】': '3899.00', '6G+128G全网通【明星单品】': '3799.00', '12G+256G全网通【明星单品】': '4499.00', '8G+256G全网通【碎屏套装】': '3999.00', '6G+128G全网通【碎屏套装】': '3899.00', '12G+256G全网通【碎屏套装】': '4499.00', '8G+256G全网通【银耳套装】': '3999.00', '6G+128G全网通【银耳套装】': '3899.00', '12G+256G全网通【银耳套装】': '4499.00'}",200+
华为 Nova 5z 新品手机【到手价1399起/大量现货/移动电源大礼包】 幻夜黑 6+128G全网通,臻火旗舰店,"{'6+64G全网通': '1499.00', '6+128G全网通': '1699.00'}",1500+
荣耀20 pro 华为手机 全网通 蓝水翡翠 （8G+256G),聚捷联盛手机旗舰店,"{'（8G+256G)': '2588.00', '（8G+128G）': '2699.00', '（8G+256G）（12期免息零首付）': '2999.00'}",700+
OPPOOPPO Reno2 Z,OPPO墨白专卖店,"{'官方标配': '2299.00', '超值套装': '2399.00'}",700+
苹果新品 Apple iPhone 11 Pro 手机 全网通 暗夜绿色 256GB,OKSJ手机旗舰店,{'': '9398.00'},2900+
荣耀20 Pro手机【保价15天】全网通智能手机 蓝水翡翠 8G+128G 赠蓝牙耳机+原装数据线,OKSJ手机旗舰店,"{'8G+128G 赠蓝牙耳机+原装数据线': '2399.00', '8G+256G 赠蓝牙耳机+原装数据线': '2669.00'}",2000+
华为（HUAWEI）华为P30 Pro,OKSJ手机旗舰店,"{'8G+128G赠华为无线充+蓝牙音箱': '4488.00', '8G+256G赠华为无线充+蓝牙音箱': '4988.00', '8G+512G赠华为无线充+蓝牙音箱': '5788.00'}",8400+
飞利浦E515 4G版,飞利浦手机京东自营旗舰店,{'': '499.00'},3300+
OPPO K5手机 【今日特价1699起】 6400万超清四摄 k1k3升级版游戏手机 oppok 奇幻森林 8G+128G 全网通,OPPO优品专卖店,"{'全网通': '1999.00', '超值套餐': '1899.00'}",2800+
华为Mate30 RS保时捷手机 5G全网通 炫黑 12+512GB,千瑞达手机旗舰店,{'': '13688.00'},40+
华为（HUAWEI）荣耀20,疆界互联旗舰店,"{'8G+256G全网通碎屏险套装': '2209.80', '8G+128G全网通': '2099.80', '8G+256G+一年碎屏险': '2579.00'}",4000+
88488848 M4,8848手机官方旗舰店,{'': '5999.00'},600+
华为（HUAWEI）Mate 20 RS保时捷,银河信业手机专营店,{'': '6788.00'},100+
【已降300】华为P30 手机【华为直供/至高12期免息】全网通4G 天空之境 8G+128G,千瑞达手机旗舰店,"{'8G+64G': '3388.00', '8G+128G': '3688.00', '8G+256G': '4188.00', '6+128G': '3388.00', '8+128G（12期免息）': '3888.00'}",1800+
飞利浦E518,飞利浦手机京东自营旗舰店,{'': '399.00'},1.2万+
三星（SAMSUNG） 三星W2019 手机 尊铂典藏版（6GB+256GB）,掌视界数码旗舰店,{'': '11999.00'},400+
vivo Z5x手机 全网通极点全面屏5000mAh骁龙710AI三摄手机 极光色 6GB+128GB 全网通,vivo兰珊专卖店,"{'全网通': '1398.00', '超值套装': '1498.00'}",4700+
华为（HUAWEI）华为P20 PRO,疆界互联旗舰店,{'': '2788.00'},1500+
多亲（QIN）Qin 1s+,多亲官方旗舰店,{'': '399.00'},2.1万+
小米 红米K30 4G手机 深海微光 全网通(6+128G),鹏瑶旗舰店,{'': '1699.00'},200+
华为 nova6 手机 (5G/4G版可选) 亮黑色 全网通5G版(8G+128G),掌视界数码旗舰店,"{'全网通5G版(8G+128G)': '3799.00', '全网通5G版(8G+256G)': '4199.00', '全网通4G版(8G+128G)': '4199.00'}",100+
华为（HUAWEI）畅玩7,佳沪手机旗舰店,{'': '418.00'},5万+
华为畅享10plus 手机 天空之境 6GB+128GB全网通（白条分期免息0首付）,炜东电商旗舰店,"{'6GB+128GB全网通（白条分期免息0首付）': '1699.00', '4GB+128GB全网通（白条分期免息0首付）': '1399.00', '8G+128G全网通（白条分期免息0首付）': '1899.00'}",4200+
华为（HUAWEI）荣耀V20,伟德手机专营店,"{'全网通(6GB+128GB)': '1718.00', '全网通版(8GB+128GB)': '1918.00', '移动版全网通(8GB+128GB)': '1899.00'}",400+
AppleiPhone 8 Plus,佳沪手机旗舰店,"{'全网通 64GB': '4138.00', '全网通 128GB': '4888.00', '全网通 256GB': '5999.00'}",4.2万+
华为（HUAWEI）荣耀Play3 ,伟德手机专营店,"{'(4G RAM+64G ROM)': '799.00', '(6G RAM+64G ROM)': '1199.00', '(4G RAM+128G ROM)': '1299.00'}",900+
摩托罗拉motorola g7 PLUS,摩托罗拉手机京东自营官方旗舰店,{'': '1199.00'},2500+
VERTU 纬图 VISION 手机商务加密高端 双卡双待4G全网通 骁龙八核8+128 4800万 曜夜黑,VERTU中艺天工专卖店,{'': '12999.00'},
华为（HUAWEI）华为 nova5 pro,茄子手机旗舰店,"{'全网通(8GB+256GB)': '3099.00', '全网通(8GB+128GB)': '2699.10'}",800+
【二手9成新】Apple iPhone7 苹果7   二手手机 磨砂黑 128G 全网通,扬帆二手商品专营店,"{'128G 全网通': '1369.00', '32G 全网通': '1059.00', '256G 全网通': '1799.00'}",1.7万+
vivoS1 Pro,vivo京东自营官方旗舰店,{'': '2398.00'},1.8万+
小米（MI）小米CC9Pro,佳沪手机旗舰店,"{'全网通6G+128G': '2598.00', '全网通8G+128G': '2678.00', '全网通8G+256G': '3078.00'}",500+
OPPOK3,OPPO手机乐良专卖店,"{'全网通': '1799.00', '超值套装': '1899.00'}",1.4万+
【白条0首付6期免息】华为p30手机 官方 标配 华为新品 新款手机 全面屏手机全网通手机 天空之境 全网通8GB+128GB（送好礼）,乐服手机旗舰店,"{'全网通8GB+64GB（送好礼）': '3388.00', '全网通8GB+128GB（送好礼）': '3688.00', '全网通8GB+256GB（送好礼）': '4188.00'}",100+
华为（HUAWEI）华为荣耀9x,佳沪手机旗舰店,"{'全网通4GB+64GB': '1099.00', '全网通6GB+64GB': '1299.00', '全网通6GB+128GB': '1799.00', '全网通8GB+128GB': '1999.00'}",3100+
飞利浦E289,飞利浦手机京东自营旗舰店,{'': '349.00'},4.4万+
华为P30 手机 天空之境 全网通8G+128G【华为官方直供】,福气多多手机旗舰店,"{'全网通8G+128G【华为官方直供】': '3688.00', '全网通8G+256G【华为官方直供】': '4188.00', '全网通6G+128G【华为官方直供】': '3388.00', '全网通8G+64G【华为官方直供】': '3388.00'}",1.5万+
华为（HUAWEI）华为荣耀20i ,佳沪手机旗舰店,{'': '999.00'},1100+
华为（HUAWEI）P20 Pro,众盛手机专营店,"{'(6G RAM+128G ROM)': '2899.00', '(6G RAM+64G ROM)': '2599.00'}",1600+
小米9 Pro 5G版手机 梦之白 12GB+512GB,明日数码旗舰店,"{'8GB+256GB': '3698.00', '12GB+256GB': '4098.00', '12GB+512GB': '4438.00', '8GB+128GB': '3618.00'}",300+
天语T2,天语手机京东自营官方旗舰店,{'': '89.00'},35万+
【至尊版】三星 W20 5G（SM-W2020）心系天下  折叠屏手机 皓月白（12GB+512GB）,聚捷联盛手机旗舰店,{'': '21999.00'},8
【6期免息0首付/华为无线充+精美智能手环】华为手机 mate30 5G版 华为官方直供新品 亮黑色 8+128GB全网通,臻火旗舰店,"{'8+128GB全网通': '4999.00', '8+256GB全网通': '5499.00'}",1000+
苹果Apple iphone 11 手机全网通智能手机 紫色 128G,OKSJ手机旗舰店,{'': '5658.00'},1700+
华为（HUAWEI）荣耀20i,疆界互联旗舰店,"{'6G+64G全网通咨询赠一年影视会员观影权益': '999.00', '4G+128G全网通咨询赠一年影视会员观影权益': '1079.80', '6G+256G全网通咨询赠一年影视会员观影权益': '1499.80', '6G+128G全网通咨询赠一年影视会员观影权益': '1349.80', '6G+64G+一年碎屏险': '1249.00'}",9000+
华为（HUAWEI） P20手机 全面屏莱卡双摄 亮黑色 全网通4G (6G+128GB) 宝石蓝 全网通 6GB+128GB,酷比电子手机专营店,"{'全网通 6GB+64GB': '2199.00', '全网通 6GB+128GB': '2499.00'}",100+
AppleiPhone 8,马上优品二手商品旗舰店,"{'64G 全网通': '1868.00', '256G 全网通': '2548.00', '64G 全网通+碎屏无忧': '1888.00', '256G 全网通+碎屏无忧': '2568.00'}",4500+
AppleiPhone7 ,焕新二手商品专营店,"{'32G 全网通': '1039.00', '128G 全网通': '1359.00', '32G 全网通 白条6期免息': '1089.00', '32G 全网通 白条12期免息': '1146.00', '128G 全网通 白条6期免息': '1429.00', '128G 全网通 白条12期免息': '1496.00'}",1000+
Apple 苹果 iPhone 7 Plus 手机 黑色 全网通(32GB),聚捷联盛手机旗舰店,"{'【白条六期免息】128GB': '3799.00', '【白条三期免息】32GB': '2899.00', '【白条六期免息】32GB': '2999.00', '【白条三期免息】128GB': '3699.00', '全网通(32GB)': '2799.00', '全网通(128GB )': '3599.00'}",1400+
华为nova5pro手机【直降300元/现货速发】麒麟980 亮黑色 8GB+128GB,易橙手机专营店,"{'8GB+128GB': '2499.00', '8GB+256GB': '2899.00'}",600+
AppleiPhone 11Pro,淘金手机专营店,"{'全网通 (64G)': '8138.00', '全网通 (256G)': '9398.00', '全网通(512G)': '13000.00', '全网通(64G)分期免息': '9099.00', '全网通(256)分期免息': '12000.00'}",400+
AppleiPhone XR,马上优品二手商品旗舰店,"{'全网通 64G': '3458.00', '全网通 128G': '3728.00', '全网通 256G': '4018.00'}",1300+
Apple 苹果 iPhone 11 全网通手机 绿色 全网通 64GB,华信通手机专营店,"{'全网通 64GB': '5199.00', '全网通 128GB': '5688.00', '全网通 256GB': '6618.00'}",1100+
AppleiPhone xs xsmax,泰业优品二手手机旗舰店,"{'256G 全网通': '5188.00', '64G 全网通': '4566.00', '512G 全网通': '5999.00'}",900+
华为nova5 Pro/nova5Pro手机【京东白条分期免息】 绮境森林 全网通（8G+128GB）分期0首付,明日数码旗舰店,"{'全网通（8G+128GB）分期0首付': '2499.00', '全网通（8G+256GB）分期0首付': '2899.00', '12期免息/全网通（8G+128GB）': '2699.00', '12期免息/全网通（8G+256GB）': '3099.00'}",4400+
AppleiPhone 11 Pro Max,佳沪手机旗舰店,"{'64G 全网通': '11999.00', '256G 全网通': '12999.00'}",300+
vivovivo z5x,vivo耀诚鑫专卖店,"{'4G+64G': '1298.00', '6G 64G': '1298.00', '6G 128G': '1398.00', '8G 128G': '1698.00'}",2000+
华为畅享9s手机 幻夜黑 4G+128G 全网通,京铠玄手机旗舰店,"{'6+64G 全网通': '999.00', '4G+128G 全网通': '999.00'}",3400+
AppleiPhone 8,马上优品二手商品旗舰店,"{'64G 全网通': '1868.00', '256G 全网通': '2548.00', '64G 全网通+碎屏无忧': '1888.00', '256G 全网通+碎屏无忧': '2568.00'}",4500+
AppleiPhone7 ,焕新二手商品专营店,"{'32G 全网通': '1039.00', '128G 全网通': '1359.00', '32G 全网通 白条6期免息': '1089.00', '32G 全网通 白条12期免息': '1146.00', '128G 全网通 白条6期免息': '1429.00', '128G 全网通 白条12期免息': '1496.00'}",1000+
Apple 苹果 iPhone 7 Plus 手机 黑色 全网通(32GB),聚捷联盛手机旗舰店,"{'【白条六期免息】128GB': '3799.00', '【白条三期免息】32GB': '2899.00', '【白条六期免息】32GB': '2999.00', '【白条三期免息】128GB': '3699.00', '全网通(32GB)': '2799.00', '全网通(128GB )': '3599.00'}",1400+
华为nova5pro手机【直降300元/现货速发】麒麟980 亮黑色 8GB+128GB,易橙手机专营店,"{'8GB+128GB': '2499.00', '8GB+256GB': '2899.00'}",600+
AppleiPhone 11Pro,淘金手机专营店,"{'全网通 (64G)': '8138.00', '全网通 (256G)': '9398.00', '全网通(512G)': '13000.00', '全网通(64G)分期免息': '9099.00', '全网通(256)分期免息': '12000.00'}",400+
AppleiPhone XR,马上优品二手商品旗舰店,"{'全网通 64G': '3458.00', '全网通 128G': '3728.00', '全网通 256G': '4018.00'}",1300+
Apple 苹果 iPhone 11 全网通手机 绿色 全网通 64GB,华信通手机专营店,"{'全网通 64GB': '5199.00', '全网通 128GB': '5688.00', '全网通 256GB': '6618.00'}",1100+
AppleiPhone xs xsmax,泰业优品二手手机旗舰店,"{'256G 全网通': '5188.00', '64G 全网通': '4566.00', '512G 全网通': '5999.00'}",900+
华为nova5 Pro/nova5Pro手机【京东白条分期免息】 绮境森林 全网通（8G+128GB）分期0首付,明日数码旗舰店,"{'全网通（8G+128GB）分期0首付': '2499.00', '全网通（8G+256GB）分期0首付': '2899.00', '12期免息/全网通（8G+128GB）': '2699.00', '12期免息/全网通（8G+256GB）': '3099.00'}",4400+
AppleiPhone 11 Pro Max,佳沪手机旗舰店,"{'64G 全网通': '11999.00', '256G 全网通': '12999.00'}",300+
vivovivo z5x,vivo耀诚鑫专卖店,"{'4G+64G': '1298.00', '6G 64G': '1298.00', '6G 128G': '1398.00', '8G 128G': '1698.00'}",2000+
华为畅享9s手机 幻夜黑 4G+128G 全网通,京铠玄手机旗舰店,"{'6+64G 全网通': '999.00', '4G+128G 全网通': '999.00'}",3400+
【立减200】华为Nova5 Pro nova5pro 手机【现货速发+分期免息】 绮境森林 全网通8GB+128GB【减200/2299起】,头号卖家旗舰店,"{'全网通8GB+256GB【减200/2699起】': '2899.00', '全网通8GB+128GB【减200/2299起】': '2499.00'}",1000+
AppleiPhonex,泰业优品二手手机旗舰店,"{'256G 全网通 『赠全新苹果充电器』': '3755.00', '64G 全网通 『赠全新苹果充电器』': '3399.00', '6期免息白条分期0首付『64G』': '3699.00', '6期免息白条分期0首付『256G』': '4299.00'}",2800+
美图（meitu）V7,佳沪手机旗舰店,{'': '2699.00'},600+
努比亚努比亚X,努比亚京东自营旗舰店,"{'8GB+128GB': '2499.00', '8GB+256GB': '2499.00', '8GB+512GB': '2499.00'}",3.9万+
【二手95新】华为 HUAWEI Mate 20 Pro 手机 超大广角徕卡三摄 全网通双4G 翡冷翠 8GB+128GB (3D面部识别+屏内指纹),闲至优品二手手机旗舰店,"{'6GB+128GB (3D面部识别)': '2659.00', '8GB+128GB (3D面部识别+屏内指纹)': '2959.00', '8GB+256GB (3D面部识别+屏内指纹)': '3399.00', '8GB+512GB (RS版 保时捷设计)': '12999.00'}",1700+
华为（HUAWEI）DUB-AL00,疆界互联旗舰店,"{'4G+64G 全网通': '828.00', '4G+64G （移动全网通）': '1099.00', '4G+128G 全网通': '1409.00'}",1600+
华为（HUAWEI）nova 5 Pro,OKSJ手机旗舰店,"{'8G+128G': '2499.00', '8G+256G': '2899.00'}",2900+
华为（HUAWEI）荣耀10青春版,掌视界数码旗舰店,"{'全网通(6G+128G)': '1199.00', '全网通(4G+64G)': '875.00', '全网通(6G+64G)': '1099.00'}",2万+
飞利浦E109C,飞利浦手机京东自营旗舰店,{'': '179.00'},1.4万+
OPPOOPPO K3,OPPO优品专卖店,"{'官方标配': '1399.00', '超值套餐': '1499.00'}",5500+
OPPO Reno2 Z新品手机 全网通手机 oppo reno2z 8+128G 深海夜光 全网通,牧申手机旗舰店,"{'全网通': '2499.00', '超值套装': '2599.00'}",100+
华为 荣耀20i手机 3200万AI自拍 渐变蓝 全网通(6GB 64GB),众宇通手机专营店,"{'全网通(6GB 128GB)': '1399.10', '4GB+128GB': '1299.10', '全网通(6GB 64GB)': '999.10', '6GB+256GB': '1799.10'}",1400+
三星Galaxy S10e,三星手机京东自营官方旗舰店,"{'公开版': '4269.00', '移动版': '4269.00'}",9100+
vivoZ5x,vivo智美专卖店,"{'4GB 64GB': '1198.00', '6GB 64GB': '1198.00', '6GB 128GB': '1298.00', '8GB 128GB': '1598.00'}",3600+
华为 Mate 30 5G【享优惠，猛戳客服，送价值299元的无线充电器】手机 星河银（咨询省50） 8GB+128GB,中益德诚手机专营店,"{'8GB+128GB': '4999.00', '8GB+256GB': '5499.00', '8GB+128GB(1年延保版)': '4999.00'}",200+
华为（HUAWEI）华为Mate 20 X (5G),牧申手机旗舰店,"{'(8GB+256GB)全网通': '4899.00', '(6GB+128GB)全网通': '3999.00'}",300+
华为（HUAWEI）畅享8e青春版,佳沪手机旗舰店,{'': '439.00'},1.2万+
AppleiPhone 8,同城帮二手商品专营店,"{'64G 全网通4G': '1999.00', '256G 全网通4G': '2548.00'}",2700+
华为nova5i 手机 苏音蓝 全网通(8G+128G),掌视界数码旗舰店,"{'全网通(6G+128G)': '1799.00', '全网通(8G+128G)': '1999.00'}",6100+
荣耀V30 5G版 手机 5G全网通 8G+128G 幻夜星河,掌视界数码旗舰店,{'': '3699.00'},100+
纽曼R15,纽曼京东自营官方旗舰店,"{'移动联通版': '168.00', '电信版': '238.00'}",4.2万+
华为Mate20 Pro 手机 全网通 亮黑色 8GB+128GB（UD版）,聚捷联盛手机旗舰店,"{'8GB+128GB（12期免息版）': '4599.00', '6GB+128GB': '3999.00', '8GB+128GB（UD版）': '3499.00'}",2100+
AppleApple iPhone XS,拍拍二手自营旗舰店,"{'64G全网通': '4599.00', '256G全网通': '5399.00', '512G全网通': '5799.00'}",400+
小辣椒红辣椒7X尊享版,小辣椒手机京东自营官方旗舰店,"{'6GB+64GB': '749.00', '6GB+128GB': '859.00'}",4100+
华为荣耀畅玩8,荣耀京东自营旗舰店,{'': '599.00'},3.1万+
OPPO A5手机【仅699元+耳机】3G+32G全网通 oppor15x k3同款全面屏双卡游戏 A5 凝夜紫(3GB+32GB),OPPO酷炫手机专卖店,{'': '699.00'},8300+
酷派cool 9,酷派京东自营旗舰店,"{'酷玩8 Lite': '599.00', '酷派cool 9': '599.00', '碎屏保套装': '599.00'}",3.2万+
索尼（SONY）J9110,索尼手机旗舰店,{'': '5399.00'},2700+
朵唯朵唯D1,朵唯手机京东自营旗舰店,{'': '699.00'},2100+
小辣椒红辣椒8X,小辣椒手机京东自营官方旗舰店,{'': '649.00'},1.1万+
苹果（Apple）iPhone 11,马上优品二手商品旗舰店,"{'64G 全网通': '4999.00', '128G 全网通': '5499.00', '256G 全网通': '6399.00'}",100+
华为Mate30 rs 保时捷版 5G手机 玄黑 全网通（12GB+512GB）,鹏瑶旗舰店,{'': '13788.00'},30+
守护宝K199,守护宝手机京东自营旗舰店,{'': '399.00'},1.1万+
小米（MI） 小米mix3 手机 黑色 8+256G,谷高数码手机专营店,"{'6+128G': '2058.00', '8+128G': '2138.00', '8+256G': '2348.00'}",700+
飞利浦E209,,{'': '168.00'},1200+
天语S8,天语手机京东自营官方旗舰店,{'': '279.00'},1.6万+
天语S8,天语手机京东自营官方旗舰店,"{'全网通4G': '279.00', '2G': '279.00'}",3.1万+
小辣椒红辣椒8X Pro,小辣椒手机京东自营官方旗舰店,{'': '859.00'},8400+
守护宝上海中兴L660,守护宝手机京东自营旗舰店,{'': '199.00'},10万+
OPPOA11x,OPPO手机乐良专卖店,"{'全网通': '1799.00', '超值套装': '1899.00'}",1700+
realmeX2,智美尚品手机专营店,"{'6GB+64GB 全网通': '1599.00', '8GB+128GB 全网通': '1698.00', '6GB+128GB 全网通': '1499.00'}",1400+
小米（MI）Redmi K30,茄子手机旗舰店,"{'全网通4G (6GB+128GB)': '1699.00', '全网通4G(8GB+128GB)': '1899.00', '全网通4G(8GB+256GB)': '2199.00', '全网通4G (6GB+64GB)': '1599.00', '全网通4G(8GB+256GB)订金10抵220元': '2199.00'}",600+
Apple iPhone 11,银河信业手机专营店,"{'64GB': '5499.00', '128GB': '5999.00', '256GB': '6899.00'}",300+
华为畅享10plus 手机 天空之境 全网通（6G+128G）,京联通达旗舰店,"{'全网通（4G+128G）': '1399.00', '全网通（6G+128G）': '1699.00', '全网通（8G+128G）': '1899.00'}",900+
小米 Redmi 红米Note7Pro 4800万双摄 手机 亮黑色 6G+ 128GB 全网通,疆界互联旗舰店,{'': '1035.00'},3100+
荣耀9X华为手机 全网通 魅海蓝 【4G+64G】标配版,聚捷联盛手机旗舰店,"{'【8G+128G】至尊版': '1799.00', '【6G+64G】高配版': '1299.00', '【6G+128G】尊享版': '1558.00', '【4G+64G】标配版': '1099.00'}",6200+
小米（MI）小米CC9 Pro,茄子手机旗舰店,"{'8GB+128GB': '2668.00', '8GB+256GB': '2988.00', '6GB+128GB': '2588.00'}",600+
Apple苹果11,冰之凯盛手机专营店,"{'全网通 64G': '5188.00', '全网通 128G': '5718.00', '全网通 256G': '6499.00', '全网通 64G（分期3期免息）': '5499.00', '全网通 128G（分期3期免息）': '5999.00', '全网通 256G（分期3期免息）': '6799.00', '全网通 64G（分期6期免息）': '5799.00', '全网通 128G（分期6期免息）': '6399.00', '全网通 256G（分期6期免息）': '7299.00', '全网通 64G（分期12期免息）': '6199.00', '全网通 128G（分期12期免息）': '6699.00', '全网通 256G（分期12期免息）': '7699.00', '全网通64G 【分期24期免息】': '5999.00', '全网通128G 【分期24期免息】': '6599.00', '全网通256G 【分期24期免息】': '7599.00'}",2800+
OPPO Reno2手机【12期免息+耳机】findx/r17/r15升级款opporeno2z手机 Reno 2 海洋之心(8GB+128GB) 标配(蓝牙耳机+蓝牙音箱),头号卖家旗舰店,"{'标配(蓝牙耳机+蓝牙音箱)': '2999.00', '套餐(蓝牙耳机+扫地机器人)': '3049.00'}",2400+
AppleiPhone 11Pro,淘金手机专营店,"{'全网通 (64G)': '8168.00', '全网通 (256G)': '9468.00', '全网通(512G)': '13000.00', '全网通(64G)分期免息': '9099.00', '全网通(256)分期免息': '12000.00'}",500+
Apple 苹果 iPhone 11 全网通手机 绿色 全网通 64GB,华信通手机专营店,"{'全网通 64GB': '5199.00', '全网通 128GB': '5688.00', '全网通 256GB': '6618.00'}",1100+
华为nova5 Pro/nova5Pro手机【京东白条分期免息】 绮境森林 全网通（8G+128GB）分期0首付,明日数码旗舰店,"{'全网通（8G+128GB）分期0首付': '2499.00', '全网通（8G+256GB）分期0首付': '2899.00', '12期免息/全网通（8G+128GB）': '2699.00', '12期免息/全网通（8G+256GB）': '3099.00'}",4500+
AppleiPhone 11 Pro Max,佳沪手机旗舰店,"{'64G 全网通': '11488.00', '256G 全网通': '12988.00'}",300+
vivovivo z5x,vivo耀诚鑫专卖店,"{'4G+64G': '1298.00', '6G 64G': '1298.00', '6G 128G': '1398.00', '8G 128G': '1698.00'}",2000+
华为畅享9s手机 幻夜黑 4G+128G 全网通,京铠玄手机旗舰店,"{'6+64G 全网通': '999.00', '4G+128G 全网通': '999.00'}",3400+
【立减200】华为Nova5 Pro nova5pro 手机【现货速发+分期免息】 绮境森林 全网通8GB+128GB【减200/2299起】,头号卖家旗舰店,"{'全网通8GB+256GB【减200/2699起】': '2899.00', '全网通8GB+128GB【减200/2299起】': '2499.00'}",1000+
AppleiPhonex,泰业优品二手手机旗舰店,"{'256G 全网通 『赠全新苹果充电器』': '3755.00', '64G 全网通 『赠全新苹果充电器』': '3399.00', '6期免息白条分期0首付『64G』': '3699.00', '6期免息白条分期0首付『256G』': '4299.00'}",2800+
美图（meitu）V7,佳沪手机旗舰店,{'': '2699.00'},600+
努比亚努比亚X,努比亚京东自营旗舰店,"{'8GB+128GB': '2499.00', '8GB+256GB': '2499.00', '8GB+512GB': '2499.00'}",3.9万+
OPPO Reno2 Z新品手机 全网通手机 oppo reno2z 8+128G 深海夜光 全网通,牧申手机旗舰店,"{'全网通': '2499.00', '超值套装': '2599.00'}",100+
【二手95新】华为 HUAWEI Mate 20 Pro 手机 超大广角徕卡三摄 全网通双4G 翡冷翠 8GB+128GB (3D面部识别+屏内指纹),闲至优品二手手机旗舰店,"{'6GB+128GB (3D面部识别)': '2659.00', '8GB+128GB (3D面部识别+屏内指纹)': '2959.00', '8GB+256GB (3D面部识别+屏内指纹)': '3399.00', '8GB+512GB (RS版 保时捷设计)': '12999.00'}",1700+
索尼（SONY）J9110,索尼手机旗舰店,{'': '5399.00'},2700+
华为（HUAWEI）nova 5 Pro,OKSJ手机旗舰店,"{'8G+128G': '2499.00', '8G+256G': '2899.00'}",2900+
华为nova5i 手机 幻夜黑 全网通(8G+128G),掌视界数码旗舰店,"{'全网通(6G+128G)': '1799.00', '全网通(8G+128G)': '1999.00'}",6100+
飞利浦E109C,飞利浦手机京东自营旗舰店,{'': '169.00'},1.4万+
华为（HUAWEI）DUB-AL00,疆界互联旗舰店,"{'4G+64G 全网通': '828.00', '4G+64G （移动全网通）': '1099.00', '4G+128G 全网通': '888.00'}",1700+
OPPOOPPO K3,OPPO优品专卖店,"{'官方标配': '1399.00', '超值套餐': '1499.00'}",5500+
华为 荣耀20i手机 3200万AI自拍 渐变蓝 全网通(6GB 64GB),众宇通手机专营店,"{'全网通(6GB 128GB)': '1399.10', '4GB+128GB': '1299.10', '全网通(6GB 64GB)': '999.10', '6GB+256GB': '1799.10'}",1400+
三星Galaxy S10e,三星手机京东自营官方旗舰店,"{'公开版': '4269.00', '移动版': '4269.00'}",9100+
荣耀V30 5G版 手机 5G全网通 8G+128G 幻夜星河,掌视界数码旗舰店,{'': '3699.00'},100+
华为 Mate 30 5G【享优惠，猛戳客服，送价值299元的无线充电器】手机 星河银（咨询省50） 8GB+128GB,中益德诚手机专营店,"{'8GB+128GB': '4999.00', '8GB+256GB': '5499.00', '8GB+128GB(1年延保版)': '4999.00'}",200+
AppleiPhone XR,马上优品二手商品旗舰店,"{'全网通 64G': '3458.00', '全网通 128G': '3728.00', '全网通 256G': '4018.00'}",1300+
华为（HUAWEI）荣耀10青春版,掌视界数码旗舰店,"{'全网通(6G+128G)': '1199.00', '全网通(4G+64G)': '875.00', '全网通(6G+64G)': '1099.00'}",0
华为（HUAWEI）华为Mate 20 X (5G),牧申手机旗舰店,"{'(8GB+256GB)全网通': '4899.00', '(6GB+128GB)全网通': '3999.00'}",300+
华为（HUAWEI）畅享8e青春版,佳沪手机旗舰店,{'': '439.00'},1.2万+
小米cc9e手机 蓝色（深蓝星球） 6G+128G 全网通,疆界互联旗舰店,"{'6G+128G 全网通': '1099.00', '6G+64G 全网通': '999.00', '4G+64G 全网通': '899.00', '4G+128G 全网通': '1198.00'}",1600+
华为（HUAWEI）P20 Pro,众盛手机专营店,"{'(6G RAM+128G ROM)': '2899.00', '(6G RAM+64G ROM)': '2599.00'}",1600+
vivoZ5x,vivo智美专卖店,"{'4GB 64GB': '1198.00', '6GB 64GB': '1298.00', '6GB 128GB': '1398.00', '8GB 128GB': '1598.00'}",3600+
天语S8,天语手机京东自营官方旗舰店,"{'全网通4G': '279.00', '2G': '279.00'}",3.1万+
小辣椒红辣椒8X Pro,小辣椒手机京东自营官方旗舰店,{'': '859.00'},8400+
守护宝上海中兴L660,守护宝手机京东自营旗舰店,{'': '189.00'},10万+
OPPOA11x,OPPO手机乐良专卖店,"{'全网通': '1799.00', '超值套装': '1899.00'}",1700+
realmeX2,智美尚品手机专营店,"{'6GB+64GB 全网通': '1599.00', '8GB+128GB 全网通': '1698.00', '6GB+128GB 全网通': '1499.00'}",1400+
小米（MI）Redmi K30,茄子手机旗舰店,"{'全网通4G (6GB+128GB)': '1699.00', '全网通4G(8GB+128GB)': '1899.00', '全网通4G(8GB+256GB)': '2199.00', '全网通4G (6GB+64GB)': '1599.00', '全网通4G(8GB+256GB)订金10抵220元': '2199.00'}",600+
华为畅享10plus 手机 天空之境 全网通（6G+128G）,京联通达旗舰店,"{'全网通（4G+128G）': '1399.00', '全网通（6G+128G）': '1699.00', '全网通（8G+128G）': '1899.00'}",900+
Apple iPhone 11,银河信业手机专营店,"{'64GB': '5499.00', '128GB': '5999.00', '256GB': '6899.00'}",400+
vivovivo  iQOO Neo 855,vivo兰珊专卖店,"{'8GB 256GB': '2698.00', '6GB 64GB': '1998.00', '6GB 128GB': '2298.00', '8GB 128GB': '2498.00'}",1000+
荣耀9X华为手机 全网通 魅海蓝 【4G+64G】标配版,聚捷联盛手机旗舰店,"{'【8G+128G】至尊版': '1799.00', '【6G+64G】高配版': '1299.00', '【6G+128G】尊享版': '1558.00', '【4G+64G】标配版': '1099.00'}",6200+
小米（MI）小米CC9 Pro,茄子手机旗舰店,"{'8GB+128GB': '2668.00', '8GB+256GB': '2988.00', '6GB+128GB': '2588.00'}",600+
Apple苹果11,冰之凯盛手机专营店,"{'全网通 64G': '5188.00', '全网通 128G': '5718.00', '全网通 256G': '6499.00', '全网通 64G（分期3期免息）': '5499.00', '全网通 128G（分期3期免息）': '5999.00', '全网通 256G（分期3期免息）': '6799.00', '全网通 64G（分期6期免息）': '5799.00', '全网通 128G（分期6期免息）': '6399.00', '全网通 256G（分期6期免息）': '7299.00', '全网通 64G（分期12期免息）': '6199.00', '全网通 128G（分期12期免息）': '6699.00', '全网通 256G（分期12期免息）': '7699.00', '全网通64G 【分期24期免息】': '5999.00', '全网通128G 【分期24期免息】': '6599.00', '全网通256G 【分期24期免息】': '7599.00'}",2800+
小米（MI） 小米mix3 手机 黑色 8+256G,谷高数码手机专营店,"{'6+128G': '2058.00', '8+128G': '2138.00', '8+256G': '2348.00'}",800+
华为（HUAWEI）mate20 x,新松联手机旗舰店,"{'6GB+128GB 全网通': '3078.00', '8GB+256GB 全网通': '5099.00'}",1200+
华为mate20x 5g版 手机 翡冷翠 8G+256G 全网通5G,疆界互联旗舰店,"{'8G+256G 全网通5G': '4899.00', '原装1年碎屏险套装版8G+256G 5G全网通': '4899.00', '8+256G(全网通免息版）': '6999.00'}",1500+
华为（HUAWEI）荣耀9Xpro,新松联手机旗舰店,"{'全网通 8GB+256GB': '1938.00', '全网通 8GB+128GB': '1999.00', '全网通 8GB+256GB 智能AI音箱套装': '2199.00'}",1100+
12期免息|华为Mate 30 Pro mate30 pro手机(4G/5G可选)【赠原装无线充等】 翡冷翠 全网通8GB+256GB(5G版),头号卖家旗舰店,"{'全网通8GB+256GB(5G版)': '6899.00', '全网通8GB+512GB(5G版)': '7899.00', '全网通8GB+128GB(5G版)': '6399.00', '全网通8GB+128GB(4G版)': '5799.00', '全网通8GB+256GB(4G版)': '6299.00'}",300+
小米 Redmi 红米Note7Pro 4800万双摄 手机 亮黑色 6G+ 128GB 全网通,疆界互联旗舰店,{'': '1032.00'},3100+
AppleiPhone 11,京合旗舰店,"{'全网通64GB': '5499.00', '全网通128GB': '5999.00', '全网通256GB': '6799.00'}",400+
海信Hisense A6,海信手机京东自营旗舰店,"{'6GB+128GB': '2799.00', '6GB+64GB': '2599.00'}",2300+
华为mate20pro 手机 全网通双卡双待 翡冷翠 8G+128G【仅需3599到手】,福气多多手机旗舰店,"{'6+128G【仅需3399到手】': '3999.00', '8G+128G【仅需3599到手】': '4599.00', '8G+256G【咨询优惠】': '5899.00'}",5400+
小辣椒红辣椒8A,小辣椒手机京东自营官方旗舰店,{'': '474.00'},2400+
魅族（MEIZU）魅族16spro,淘金手机专营店,"{'全网通(6G+128G）': '2699.00', '全网通 (8G+128G)': '2928.00', '全网通(8G+256G)': '3599.00'}",1800+
华为（HUAWEI）华为mate30 pro,佳沪手机旗舰店,"{'全网通8G+128G（4G版）': '5799.00', '全网通8G+256G（4G版）': '6299.00', '全网通8G+256G（5G版）': '6899.00', '全网通8G+512G（5G版）': '7899.00'}",2200+
小米Redmi红米K30 手机 王一博同款【现货速发】 深海微光 6G+128G 全网通【现货速发】,疆界互联旗舰店,"{'6G+128G 全网通【现货速发】': '1699.00', '8G+128G 全网通【现货速发】': '1899.00', '8G+256G 全网通【现货速发】': '2199.00'}",200+
Apple苹果Xs Max,佳沪手机旗舰店,"{'全网通 256GB': '7099.00', '全网通 64GB': '5999.00', '全网通 256GB+碎屏险套餐': '7328.00', '全网通 64GB+碎屏险套餐': '6199.00'}",1.8万+
Apple 苹果 iphone11 Pro Max 手机 暗夜绿色 全网通256G,优品美手机专营店,"{'全网通64G': '9199.00', '全网通256G': '10259.00', '全网通 512G': '12599.00', '全网通64G【白条12期免息】': '9967.00', '全网通256G【白条12期免息】': '11266.00'}",300+
小米9 se 手机 幻彩蓝 8G+128G 全网通,明日数码旗舰店,"{'6G+64G 全网通': '1578.00', '6G+128G 全网通': '1788.00', '8G+128G 全网通': '1878.00'}",2200+
OPPOK3,OPPO酷炫手机专卖店,"{'官方标配': '1399.00', '超值套装': '1599.00'}",1.7万+
华为（HUAWEI）华为P30,同达丰手机旗舰店,"{'全网通8G+64G(6期免息)': '3388.00', '全网通 6G+128G': '3388.00', '全网通8G+256G': '4188.00', '全网通 8G+128G(6期免息)': '3658.00'}",3100+
华为（HUAWEI）Mate30 RS保时捷,OKSJ手机旗舰店,{'': '13588.00'},20+
【二手95新】Apple iPhone XR 苹果x r国行手机双卡双待 黑色 128G 全网通,发动机优品二手手机专营店,"{'64G 全网通': '3429.00', '128G 全网通': '3666.00', '256G 全网通': '4049.99', '64G 0首付6期分期白条免息': '3699.00', '128G 0首付6期分期白条免息': '4099.00', '64G 官方在保': '3788.00', '128G 官方在保': '4066.00', '64G 全网通 18W PD快充套装版': '3499.00', '128G 全网通 18W PD快充套装版': '3699.00'}",2500+
AppleA2108,好机汇二手商品专营店,"{'64G 全网通': '3399.00', '128G 全网通': '3588.00', '256G 全网通': '3998.00'}",2000+
当天发【享13重好礼|6期免息】HUAWEI/华为nova 6 5G/4G手机nova6 5G版普罗旺斯 8G+128G,咪咕旗舰店,"{'8G+256G': '4199.00', '8G+128G': '3799.00'}",100+
华为（HUAWEI）荣耀8X,众盛手机专营店,"{'(4G RAM+64G ROM)': '899.00', '(6GB RAM+128GB ROM)': '1289.00', '(6G RAM+64G ROM)': '1089.00', '(4G RAM+128G ROM)': '1099.00'}",1000+
AppleiPhone7 Plus,泰业优品二手手机旗舰店,"{'32G 全网通': '1544.00', '32G 全网通 6期免息': '1798.00', '128G 全网通6期白条免息': '2099.00', '128G 全网通': '1799.00', '256G全网通': '2369.00', '128G 全网通12期白条免息': '2299.00'}",6200+
,,{'': ''},
华为（HUAWEI）华为Mate20 RS 保时捷版,佳沪手机旗舰店,{'': '6599.00'},800+
华为（HUAWEI）华为畅享10 Plus ,佳沪手机旗舰店,"{'6GB+128GB': '1699.00', '4GB+128GB': '1399.00', '8GB+128GB': '1899.00'}",800+
Unihertz Atom,Unihertz手机旗舰店,{'': '1899.00'},
AppleiPhone6s,翱行二手商品专营店,"{'16G 全网通': '708.00', '64G 全网通': '889.00', '16G 全网通 白条12期免息': '889.00', '64G 全网通 白条12期免息': '889.00', '32G 全网通': '889.00', '128G 全网通': '889.00'}",7200+
华为（HUAWEI）华为mate30,OKSJ手机旗舰店,{'': '4299.00'},5100+
小米（MI）红米8,佳沪手机旗舰店,"{'全网通4G+64G': '748.00', '全网通3G+32G': '678.00'}",1800+
朵唯朵唯D1,朵唯手机京东自营旗舰店,{'': '599.00'},3300+
黑鲨黑鲨游戏手机 Helo,佳沪手机旗舰店,"{'全网通 8G+128G': '1988.00', '全网通 10G+256G': '3599.00'}",3800+
华为（HUAWEI）荣耀9X,掌视界数码旗舰店,"{'全网通（6G+128G）': '1559.00', '全网通（6G+64G）': '1299.00', '全网通（4G+64G）': '1099.00', '全网通(8G+128G)': '1999.00'}",7300+
华为畅享10Plus /10 plus 手机（华为直供  原装正品 白条分期免息 咨询下单更优惠） 天空之境 全网通+免费碎屏险（6G+128G）,久汇通官方旗舰店,"{'全网通+（4G+128G）咨询下单有惊喜优惠': '1449.00', '全网通+免费碎屏险（6G+128G）': '1669.00', '全网通（6G+128G）+1年碎屏险': '1799.00', '全网通（8G+128G）+1年碎屏险': '1999.00', '全网通+免费碎屏险（8G+128G）': '1899.00'}",5900+
vivoiQOO Neo ,vivo官方旗舰店,"{'6GB 128GB': '2098.00', '8GB 64GB': '2198.00', '8GB 128GB': '2398.00'}",1.5万+
天语HD1,,{'': '589.00'},1400+
华为（HUAWEI）荣耀Note 10,茄子手机旗舰店,"{'全网通(6G+64G)': '1599.00', '全网通(6G+128G)': '1368.00'}",800+
华为荣耀畅玩8全面屏 智能老人手机 老人大字体老年机智能机学生机全网通全面屏 幻夜黑 2+32G,京铠玄手机旗舰店,{'': '499.00'},3100+
荣耀9XPro华为手机 全网通 幻影黑 8G+256G,聚捷联盛手机旗舰店,"{'8G+128G': '1999.00', '8G+256G': '1938.00'}",600+
小米（MI）小米9,佳沪手机旗舰店,"{'全网通8GB+128GB': '2388.00', '全网通6GB+128GB': '2318.00', '全网通8GB+256GB': '2499.00'}",1.2万+
联想Z5 Pro GT 骁龙855旗舰版游戏手机全网通4G双卡双待 碳纤黑 8GB+256GB,世云手机专营店,"{'6GB+128GB': '1299.00', '8GB+256GB': '1599.00', '8GB+128GB': '1999.00'}",700+
华为（HUAWEI）华为nova 5i,银河信业手机专营店,{'': '1798.00'},200+
华为（HUAWEI）mate20RS 保时捷,牧申手机旗舰店,{'': '6599.00'},30+
AppleiPhone 7,海之博优品二手商品专营店,"{'32G 全网通': '1000.00', '128G 全网通': '1316.00', '256G 全网通': '1758.00'}",2700+
华为畅享10 Plus 手机 天空之境 全网通(8G+128G)(分期免息0首付),掌视界数码旗舰店,"{'全网通(4G+128G)(分期免息0首付)': '1399.00', '全网通(6G+128G)(分期免息0首付)': '1699.00', '全网通(8G+128G)(分期免息0首付)': '1899.00'}",3100+
【现货速发+黑鲨2代手柄】黑鲨游戏手机2 Pro 电鸣黑【官方标配】 全网通 12G+128G,疆界互联旗舰店,"{'全网通 12G+256G': '3499.00', '全网通 12G+128G': '3299.00', '全网通 12G+512G': '3999.00'}",2000+
华为（HUAWEI）华为P20 Pro,福气多多手机旗舰店,"{'全网通6G+128G【华为官方直供】': '2888.00', '全网通6G+128G【碎屏险套餐】': '2938.00'}",1万+
华为（HUAWEI）华为Mate30 5G,佳沪手机旗舰店,"{'全网通8G+128G': '4999.00', '全网通8G+256G': '5499.00'}",300+
华为（HUAWEI）华为畅享9plus,淘金手机专营店,"{'全网通 (4G+64G)': '1599.00', '全网通 (4G+128G)': '1098.00', '全网通(6G+128G)': '1218.00'}",1400+
华为mate30Pro 手机 5G版可选 翡冷翠 5G版（8G+256G）全网通,福气多多手机旗舰店,"{'5G版（8G+256G）全网通': '6899.00', '5G版（8G+512G）全网通': '7899.00', '4G版（8G+128G） 全网通': '5799.00', '4G版（8G+256G）全网通': '6299.00'}",3100+
OPPOA5,OPPO酷炫手机专卖店,{'': '699.00'},1.2万+
华为（HUAWEI）畅享 9S,众盛手机专营店,{'': '969.00'},1000+
【立减500】华为mate20 Pro手机【6期免息赠无线充等10+5重好礼】全网通4G 翡冷翠 6G+128G（详情页领患500）,千瑞达手机旗舰店,"{'6G+128G（详情页领患500）': '3999.00', '8+128G(UD版）（详情页领患500）': '4599.00', '8+256G(UD版)': '5599.00'}",2100+
华为mate20x 手机【碎屏险】 宝石蓝 全网通(6+128G),鹏瑶旗舰店,{'': '3039.00'},100+
华为（HUAWEI）畅享9e,伟德手机专营店,"{'3GB+64GB全网通': '698.00', '3GB+64GB移动全网通': '685.00'}",2200+
华为（HUAWEI）荣耀20pro,掌视界数码旗舰店,"{'全网通（8G+128G）': '2699.00', '全网通（8G+256G）': '2999.00'}",0
华为（HUAWEI）华为Mate20 X,茄子手机旗舰店,"{'全网通8G+256G': '4399.00', '全网通6G+128G': '3028.00'}",400+
一加一加7tpro,疆界互联旗舰店,"{'8G+256G【明星单品】': '4599.00', '8G+256G【碎屏保+银耳套装】': '4799.00', '12G+256G【明星单品】': '5299.00', '12G+256G【碎屏保+银耳套装】': '5499.00', '12G+256G【银耳套装】': '5399.00', '8G+256G【银耳套装】': '4699.00'}",300+
一加OnePlus 7T pro,牧申手机旗舰店,"{'8+256G  下单送豪礼': '5999.00', '12+256G 下单送豪礼': '5299.00'}",100+
AGMAGM M5,AGM京东自营官方旗舰店,{'': '499.00'},2000+
【现货速发】荣耀V30 PRO双模5G全网通手机 幻夜星河 8G+256G,OKSJ手机旗舰店,"{'8G+128G': '3899.00', '8G+256G': '4199.00'}",100+
【年终钜惠-直降1150元起】三星Galaxy S10e 手机 移动定制版（可软件升级全网通） 炭晶黑 6+128GB,中国移动手机官方旗舰店,"{'6+128GB': '3759.00', '6+128GB（碎屏无忧）': '3869.00'}",800+
荣耀V30 Pro 双模5G手机 幻夜星河 全网通 8GB+128GB 碎屏险套装,新松联手机旗舰店,"{'全网通 8GB+128GB 碎屏险套装': '3899.00', '全网通 8GB+256GB 碎屏险套装': '4199.00', '全网通 8GB+128GB 无线充套装': '3999.00', '全网通 8GB+256GB 无线充套装': '4299.00', '全网通 8GB+128GB 荣耀手环5NFC套装': '4059.00', '全网通 8GB+256GB 荣耀手环5NFC套装': '4359.00'}",400+
华为（HUAWEI）荣耀9X,牧申手机旗舰店,"{'全网通6GB+128GB': '1499.00', '全网通6GB+64GB': '1299.00', '全网通4GB+64GB': '1099.00', '全网通8GB+128GB': '1799.00'}",9300+
小米9 Pro 5G版 手机【现货速发】 梦之白 (12G+512G),谷高数码手机专营店,{'': '4488.00'},1400+
华为（HUAWEI）华为Nova4e,茄子手机旗舰店,"{'4G+128G': '1178.00', '6G+128G': '1188.00'}",2900+
88488848 M5,8848手机官方旗舰店,{'': '9999.00'},800+
OPPO Reno2【赠蓝牙音箱+耳机+12期免息】4800万变焦四摄视频防抖6.5英寸阳光全景屏 薄雾粉（8GB+128GB）,OPPO官方直营旗舰店,{'': '2999.00'},1500+
华为（HUAWEI）华为荣耀8X,佳沪手机旗舰店,"{'全网通6GB+128GB': '1249.00', '全网通4GB+64GB': '899.00'}",2600+
AppleApple iPhoneX,拍拍二手自营旗舰店,"{'64G全网通': '4399.00', '256G全网通': '4999.00'}",0
华为mate30 5g版手机 亮黑色 全网通(8GB+128GB),鹏瑶旗舰店,{'': '4999.10'},100+
【二手95新】Apple iPhonex XSmax苹果x xsmax 国行 二手手机 金色 256GB 全网通 【赠苹果充电器】,零度二手商品专营店,"{'64GB 全网通 【赠苹果充电器】': '4699.00', '256GB 全网通 【赠苹果充电器】': '5269.00', '512GB 全网通 【赠苹果充电器】': '5788.00', '6期免息白条分期0首付 (64G全网通)': '5199.00', '6期免息白条分期0首付 (256G全网通)': '5799.00', '6期免息白条分期0首付 (512G全网通)': '6399.00'}",200+
华为（HUAWEI）nova 4e,众盛手机专营店,"{'(6G RAM+128G ROM)': '1198.00', '(4GB RAM+128GB ROM)': '1159.00'}",1500+
小米小米9SE,小米京东自营旗舰店,"{'6GB+64GB': '1399.00', '6GB+128GB': '1599.00', '8GB+128GB': '1799.00'}",17万+
8848 钛金手机M5巅峰版智能商务加密轻奢手机双卡双待全网通4G 8核256G内存 黑色,8848手机官方旗舰店,{'': '16999.00'},300+
vivoS5,vivo官方旗舰店,"{'8GB 128GB': '2698.00', '8GB 256GB': '2998.00'}",300+
,,"{'': '', '64GB（美版只支持电信联通4G，移动2G网络）': '2688.00', '128GB（美版支持移动联通电信全网通4G网络）': '2688.00'}",
华为nova5 Pro 手机（白条免息0首付/7天价保/现货速发） 亮黑色（8+128G）：多重壕礼+分期免息+晒单礼 全网通4G手机,严集手机旗舰店,{'': '2499.00'},800+
小米（MI） 小米8SE 全面屏手机 灰 6G+128G 全网通,明日数码旗舰店,"{'4G+64G 全网通': '1208.00', '6G+64G 全网通': '1318.00', '6G+128G 全网通': '1368.00'}",1300+
荣耀20Pro 手机【碎屏险】 冰岛幻境 全网通(8G+128G),鹏瑶旗舰店,{'': '2389.00'},200+
华为mate30 手机【5G/4G版可选/赠20重好礼】全网通 翡冷翠 8GB+128GB（5G版）,千瑞达手机旗舰店,"{'6GB+128GB(4G版）(不支持5G）': '3999.00', '8GB+128GB(4G版）(不支持5G）': '4299.00', '8GB+128GB（5G版）': '4999.00', '8GB+256GB（5G版）': '5499.00'}",400+
苹果 iPhone 11 Pro 手机 暗夜绿色 64GB,新松联手机旗舰店,"{'64GB': '8118.00', '256GB': '9358.00', '512GB': '11288.00'}",300+
AppleiPhone 11 Pro,迪信通官方旗舰店,"{'512GB': '11699.00', '64GB': '8099.00', '256GB': '9899.00'}",30+
华为mate20 RS 保时捷限量版 手机 玄黑色 全网通(8GB+512GB),炜东电商旗舰店,{'': '6599.00'},300+
华为荣耀9x 手机 保价7天 全网通 魅海蓝 6G+128G（到手价1599元）,千瑞达手机旗舰店,"{'4G+64G 送原装耳机': '1099.00', '6G+64G 送原装耳机': '1299.00', '6G+128G（到手价1599元）': '1599.00', '8G+128G  送原装耳机.碎屏险': '1999.00'}",5700+
小米9手机 幻彩蓝 8+128G 全网通,京铠玄手机旗舰店,"{'8+128G 全网通': '2399.00', '6+128G 全网通': '2398.00', '8+256G 全网通': '2599.00', '8+128G 六期白条免息': '2599.00'}",2400+
华为（HUAWEI）荣耀9x,疆界互联旗舰店,"{'6G+64G全网通咨询赠一年影视会员观影权益': '1299.80', '4G+64G全网通咨询赠一年影视会员观影权益': '1099.80', '6G+128G全网通咨询赠一年影视会员观影权益': '1519.00', '4G+64G+一年碎屏保': '1249.00', '8G+128G全网通咨询赠一年影视会员观影权益': '1799.00'}",4400+
Apple7,君问手机旗舰店,{'': '2699.00'},600+
小米Redmi 红米note8手机 梦幻蓝 6+128G 全网通,京铠玄手机旗舰店,"{'6+64G 全网通': '1056.00', '6+128G 全网通': '1128.00', '4+64G 全网通': '978.00'}",900+
华为（HUAWEI）mate30RS保时捷,银河信业手机专营店,{'': '14388.00'},20+
小米（MI）小米8青春,众盛手机专营店,"{'(6G RAM +128G ROM)': '1199.00', '(6G RAM+ 64G ROM)': '1059.00', '(4G RAM+128G ROM)': '1069.00'}",2200+
华为（HUAWEI）P30 Pro,头号卖家旗舰店,"{'全网通8+128G【减300】': '4488.00', '全网通8+256G【减300】': '4988.00', '全网通8+512G【减300】': '5788.00'}",1100+
小米（MI）小米9,淘金手机专营店,"{'全网通(6G+128G）': '2318.00', '全网通(6G+128G)+type-c耳机': '2899.00', '全网通(8G+128G)': '2999.00', '全网通(8G+256G)': '2498.00'}",2300+
华为nova4e 手机 【碎屏险】 雀翎蓝 全网通(6G+128G),鹏瑶旗舰店,{'': '1180.00'},1300+
诺基亚3310,诺基亚手机京东自营旗舰店,{'': '399.00'},9.4万+
AppleiPhone 11,泰业优品二手手机旗舰店,"{'64G 全网通『赠全新苹果充电器』': '4899.00', '128G 全网通『赠全新苹果充电器』': '5399.00', '256G 全网通『赠全新苹果充电器』': '6199.00', '6期免息白条分期0首付『64G』': '5299.00', '6期免息白条分期0首付『128G』': '5799.00'}",1100+
飞利浦E516 4G版,飞利浦手机京东自营旗舰店,{'': '339.00'},1200+
创星X5,和英科技手机专营店,{'': '489.00'},1100+
OPPO R15x 光感屏下指纹水滴全面屏 6G+128G智能全网通手机 后置AI双摄拍照手机 星云渐变色,OPPO官方直营旗舰店,{'': '1499.00'},8800+
华为 nova5z 手机 幻夜黑 全网通(6G+64G),掌视界数码旗舰店,"{'全网通(6G+64G)': '1499.00', '全网通(6G+128G)': '1699.00'}",500+
华为荣耀8X 手机 全网通 幻夜黑 （4G+64G）,聚捷联盛手机旗舰店,"{'（6G+128G）': '1249.00', '（6G+64G）': '1069.00', '（4G+64G）': '886.00'}",6400+
飞利浦E106,飞利浦手机京东自营旗舰店,"{'【简约畅销款】': '89.00', 'E109': '89.00'}",50万+
华为（HUAWEI）P30,头号卖家旗舰店,"{'6+128GB【减300】': '3398.00', '8+128GB【减300】': '3688.00', '8+256GB【减300】': '4188.00'}",1200+
朵唯D11新款6GB+64/128GB智能手机渐变玻璃八核6.3英寸水滴全面屏老人全网通4G人脸指纹 极光色 6GB+64GB,金诚腾达手机专营店,"{'6GB+64GB': '689.00', '6GB+128GB': '778.00'}",500+
华为（HUAWEI）荣耀note10 手机【现货速发/豪礼套装】 幻夜黑 全网通（6GB+128GB）,华信通手机专营店,"{'全网通（6GB+128GB）': '1348.00', '全网通（6GB+64GB）': '1336.00'}",400+
8848 钛金手机M5巅峰版智能商务加密轻奢手机双卡双待全网通4G 8核256G内存 黑色,8848手机官方旗舰店,{'': '16999.00'},300+
天语Q21,天语手机京东自营官方旗舰店,{'': '69.00'},9.7万+
荣耀V20 手机 【碎屏险】 幻夜黑 全网通(6G+128G),鹏瑶旗舰店,{'': '1690.00'},1600+
锤子（smartisan）坚果pro3,佳沪手机旗舰店,{'': '2899.00'},400+
AppleiPhone 11,君问手机旗舰店,"{'64G': '5219.00', '128G': '5789.00', '256G': '6509.00'}",100+
AppleiPhone xr,翱行二手商品专营店,"{'64G 全网通': '3458.00', '128G 全网通': '3699.00', '64G 全网通 白条6期免息': '3779.00', '128G 全网通  白条6期免息': '3999.00', '64G 全网通 白条12期免息': '3879.00', '128G 全网通  白条12期免息': '4099.00', '256G 全网通': '4088.00'}",1.3万+
飞利浦E151Y,飞利浦手机京东自营旗舰店,{'': '168.00'},1.4万+
华为nova6 手机【5G/4G】赠多重好礼 普罗旺斯 5G SA/NSA双模全网通(8+128G),新松联手机旗舰店,"{'5G SA/NSA双模全网通(8+128G)': '3799.00', '5G SA/NSA双模全网通(8+256G)': '4199.00', '4G全网通(8+128G)': '3199.00'}",500+
诺基亚106,诺基亚手机京东自营旗舰店,"{'110': '179.00', '106': '179.00'}",2.3万+
AppleiPhone6,翱行二手商品专营店,"{'16G 全网通': '608.00', '64G 全网通': '768.00', '32G 全网通': '668.00', '128G 全网通': '1158.00'}",9400+
中兴K2,,{'': '168.00'},1.1万+
苹果 手机 AppleiPhone 11Pro 暗夜绿色 256GB,臻火旗舰店,"{'64GB': '8199.00', '256GB': '9499.00', '512GB': '11499.00'}",700+
AppleiPhone7 plus ,焕新二手商品专营店,"{'32G 全网通': '1629.00', '128G 全网通': '1789.00', '32G 全网通 白条6期免息': '1709.00', '32G 全网通 白条12期免息': '1796.00', '128G 全网通 白条6期免息': '1878.00', '128G 全网通 白条12期免息': '1968.00'}",1100+
华为p30 手机 【碎屏险】 天空之境 全网通(8G+128G),鹏瑶旗舰店,{'': '3688.00'},600+
荣耀 Magic2 手机 尊享版渐变黑（8+128G）,聚捷联盛手机旗舰店,{'': '1859.00'},2200+
天语Q8,天语手机京东自营官方旗舰店,{'': '299.00'},1900+
【二手9成新】Apple iPhone8 plus 苹果8p国行手机 金色 64G 全网通,发动机优品二手手机专营店,"{'64G 全网通': '2466.00', '256G 全网通': '3166.00', '64G 全网通 0首付6期白条免息': '2599.00', '256G 全网通 0首付6期白条免息': '3499.00', '64G 全网通 18W PD快充套装版': '2499.00', '256G 全网通 18W PD快充套装版': '3218.00'}",2900+
华为（HUAWEI）华为畅享max,同达丰手机旗舰店,"{'全网通6G+128G': '1139.00', '全网通4G+128G': '1099.00'}",2400+
Apple 苹果 iPhone 11 Pro Max 双卡双待手机 银色 64GB,聚捷联盛手机旗舰店,"{'64GB': '8999.00', '256GB': '10199.00', '【白条24期免息】64G': '11599.00', '【白条24期免息】256G': '13199.00', '512GB': '12499.00', '【白条24期免息】512G': '16499.00', '【白条6期免息】64G': '9699.00', '【白条6期免息】256G': '10999.00', '【白条6期免息】512G': '13399.00', '【白条12期免息】64G': '10299.00', '【白条12期免息】256G': '11599.00', '【白条12期免息】512G': '14399.00'}",300+
华为畅享MAX手机【现货速发/享8重保障】 全网通 幻夜黑 6GB+128GB,伟德手机专营店,"{'4GB+64GB': '919.00', '4GB+128GB': '1159.00', '6GB+128GB': '1159.00'}",2000+
小米 红米8A 手机 Redmi8A  全网通 超长待机智能老人老年备用手机 深海蓝 4GB+64GB,伟德手机专营店,"{'3GB+32GB': '655.00', '4GB+64GB': '668.00'}",600+
天语V6C,天语手机京东自营官方旗舰店,{'': '199.00'},1.1万+
荣耀畅玩8A 全网通手机 全面屏智能老人老年学生华为（HUAWEI）手机 幻夜黑 3+32G 全网通,京铠玄手机旗舰店,"{'3+64G 全网通': '799.00', '3+32G 全网通': '588.00'}",3400+
小米（MI）红米Redmi Note8Pro,华信通手机专营店,"{'6G RAM+64G ROM': '1188.00', '6G RAM+128G ROM': '1308.00', '8G RAM+128G ROM': '1428.00'}",400+
【二手9成新】 Apple iPhone8 Plus (A1864) 苹果8Plus 二手手机 深空灰 64G 全网通,泰业优品二手手机旗舰店,"{'64G 全网通': '2466.00', '256G 全网通': '3209.00', '6期免息白条分期0首付 全网通64G': '2899.00', '6期免息白条分期0首付 全网通256G': '3499.00'}",3000+
小米 Redmi 红米Note7 Pro 手机 【18个月超长质保 货到付款】 梦幻蓝 全网通 6G+128G,同达丰手机旗舰店,{'': '1048.00'},6700+
AppleiPhone 8 Plus,经典二手商品专营店,"{'64G 全网通': '2539.00', '256G 全网通': '3188.00', '64G白条6期免息': '2701.00', '256G白条6期免息': '3391.00', '64G白条12期免息': '2885.00', '256G白条12期免息': '3623.00'}",2.4万+
ROG游戏手机2,腾讯智能京东自营旗舰店,{'': '3499.00'},200+
Apple苹果xs,佳沪手机旗舰店,"{'全网通 64GB': '5358.00', '全网通 256GB': '6258.00', '全网通 512GB': '14999.00', '全网通 64GB+碎屏险套餐': '10999.00'}",1.4万+
守护宝L6,守护宝手机京东自营旗舰店,{'': '189.00'},800+
华为（HUAWEI） HUAWEI nova5Pro,淘金手机专营店,"{'全网通 (8G+128G)咨询领210元券': '2699.00', '全网通 (8G+256G)咨询领210元券': '3099.00', '全网通(8G+128G)24期免息': '2699.00', '全网通(8G+256G)24期免息': '3099.00'}",400+
小辣椒红辣椒7R,小辣椒手机京东自营官方旗舰店,{'': '458.00'},1.8万+
APPLE苹果iPhone 11 Pro Max,科族数码专营店,"{'全网通64G版': '9488.00', '全网通256G版': '10780.00'}",30+
OPPO K3手机 【活动特价1299+音箱】 高通骁龙710 VOOC闪充 r15x/r17同款 星云紫（6G+64G） 双卡双待,OPPO优品专卖店,"{'双卡双待': '1399.00', '超值套餐': '1499.00'}",6500+
华为p30 手机【下单立省+赠价值400元豪华5重大礼+6期白条免息】超感光徕卡三摄麒麟980 天空之境 全网通8GB+128GB,天翼电信旗舰店,"{'全网通8GB+128GB': '3688.00', '全网通6GB+128GB': '3388.00', '全网通8GB+256GB': '4188.00'}",0
AppleiPhone 8 Plus,丰泽优品二手商品专营店,"{'64G 全网通': '2828.00', '256G 全网通': '3699.00'}",600+
【6期/3期免息】荣耀V30 双模5G手机全网通 幻夜星河 8G+128G 6期免息,OKSJ手机旗舰店,"{'6G+128G 3期免息': '3299.00', '8G+128G 6期免息': '3699.00'}",100+
【二手9成新】三星GalaxyS8G9500二手手机全网通 谜夜黑 S8【4+64】送黑色原装充电器,九九二手商品专营店,"{'S8【4+64】送黑色原装充电器': '1330.00', 's8[4+128]': '1750.00'}",800+
小米9 Pro 5G版手机 梦之白 8GB+256GB,明日数码旗舰店,"{'8GB+256GB': '3698.00', '12GB+256GB': '4098.00', '12GB+512GB': '4438.00', '8GB+128GB': '3618.00'}",300+
华为（HUAWEI）nova5 Pro,牧申手机旗舰店,"{'官方标配': '2499.00', '24期免息': '2899.00'}",1900+
OPPO Reno Z【6期免息】水滴屏全面屏游戏拍照手机 4800W超清像素光感屏幕指纹 超级闪充 星辰紫 全网通(8G RAM+128G ROM),OPPO官方直营旗舰店,"{'全网通(8G RAM+128G ROM)': '2199.00', '全网通(6G RAM+256G ROM)': '2199.00', 'O-Fresh耳机+RenoZ（8+128GB）': '2308.00'}",2200+
华为nova 5i手机 后置AI四摄 极点全面屏 前置2400万高清摄像头全网通4G手机 苏音蓝 8GB+128GB（白条免息+多重豪礼）,严集手机旗舰店,"{'6GB+128GB（白条免息+多重豪礼）': '1799.00', '8GB+128GB（白条免息+多重豪礼）': '1999.00'}",1100+
三星（SAMSUNG）三星W2018,智达二手手机专营店,"{'6G+64G 全网通4G': '4699.00', '6G+256G 全网通4G': '6999.00'}",400+
华为 畅享9Plus 手机 极光紫 全网通（6G+128G）,优爱特手机专营店,"{'全网通（4G+128G）': '1068.00', '全网通（6G+128G）': '1168.00'}",400+
Apple 苹果 iPhone 7 Plus 手机 玫瑰金 全网通(32GB),聚捷联盛手机旗舰店,"{'【白条六期免息】128GB': '3799.00', '【白条三期免息】128GB': '3699.00', '【白条三期免息】32GB': '2899.00', '全网通(32GB)': '2769.00', '【白条六期免息】32GB': '2999.00', '全网通(128GB )': '3599.00'}",1400+
天语T2,天语手机京东自营官方旗舰店,{'': '89.00'},1.3万+
小米（MI）小米CC美图定制版,淘金手机专营店,{'': '1668.00'},200+
努比亚（nubia）努比亚Z20,茄子手机旗舰店,"{'全网通(8GB+128GB)': '2649.00', '全网通(6GB+128GB)': '2449.00', '全网通(8GB+512GB)': '3169.00'}",300+
【现货速发】三星 Galaxy Note10+ 5G手机 莫奈彩 12G+256G【官方标配】,疆界互联旗舰店,"{'12G+256G【官方标配】': '7399.00', '12G+256G【保护套装】': '7599.00', '12G+256G【碎屏套装】': '7499.00'}",100+
荣耀Magic2 手机 渐变黑 全网通（8GB+128GB）,京联通达旗舰店,{'': '1855.00'},1700+
vivovivo X27,丰泽优品二手商品专营店,"{'8GB+128GB': '1688.00', '8GB+256GB': '1860.00'}",400+
华为（HUAWEI）华为nova4e,佳沪手机旗舰店,"{'全网通6G+128G': '1149.00', '全网通4G+128G': '1088.00'}",1900+
华为（HUAWEI）nova2s,银河信业手机专营店,"{'4G+64G全网通': '1129.00', '4G+64G全网通移动4G': '1399.00', '6G+64G全网通': '1699.00', '6GB+128GB全网通': '1799.00', '6G+ 64G全网通移动4G': '1699.00'}",2000+
华为（HUAWEI）畅享Max,华信通手机专营店,"{'移动全网通(4GB+128GB)': '1158.00', '全网通(4GB+128GB)': '1158.00', '全网通(6GB+128GB)': '1158.00'}",2600+
美图（meitu）V7,酷风行手机旗舰店,{'': '2799.00'},400+
AppleiPhone xr,鸿兴优品二手手机专营店,"{'256G 全网通': '4199.00', '64G 全网通': '3699.00', '128G 全网通': '3999.00', '【6期免息白条分期0首付】64G 全网通': '4099.00', '【6期免息白条分期0首付】128G 全网通': '4299.00', '【6期免息白条分期0首付】256G 全网通': '4688.00'}",200+
Apple iPhone 7 ,可多优品二手手机专营店,"{'32G全网通': '1049.00', '128G全网通': '1329.00', '256G全网通': '1869.00', '32G全网通 白条6期免息0首付': '1116.00', '128G全网通 白条6期免息0首付': '1564.00', '256G全网通 白条6期免息0首付': '1988.00'}",1.2万+
朵唯 9X 智能手机 4/6GB+64GB 八核水滴全面屏全网通4G人脸指纹解锁老人大屏学生价一体机 渐变蓝 4GB+64GB,金诚腾达手机专营店,"{'4GB+64GB': '598.00', '6GB+64GB': '658.00', '6GB+128GB': '778.00'}",2000+
小米（MI）小米9 Pro5G,淘金手机专营店,{'': '4349.00'},700+
飞利浦E517,飞利浦手机京东自营旗舰店,{'': '299.00'},3300+
【二手9成新】 华为（HUAWEI）P8 青春版 真八核CPU 安卓手机 移动4G联通2G 黑色(系统不要升级） 2+16G,信谊二手商品专营店,{'': '288.00'},1.1万+
纽曼L9,纽曼京东自营官方旗舰店,{'': '89.00'},2.3万+
OPPO Reno2手机【12期免息+1年碎屏险】4800万变焦四摄8+128防抖6.5英寸大屏新品 深海夜光(8GB+128GB) 官方标配,OPPO酷炫手机专卖店,{'': '2999.00'},2200+
【二手95新】Huawei/华为 P20 Pro 手机 全面屏 徕卡三摄 4G全网通 时尚 双卡双待 极光色 6GB+128GB,闲至优品二手手机旗舰店,"{'6GB+64GB': '1679.00', '6GB+128GB': '1859.00', '6GB+256GB': '2199.00', '8GB+128GB': '2199.00'}",2800+
【二手9成新】三星 Galaxy S10 （SM-G9730）屏下指纹双卡双待 全网通4G 二手手机 皓玉白 8G+128G（全网通）赠送三星充电器套装,文海二手商品专营店,"{'8G+128G（全网通）赠送三星充电器套装': '3386.00', '8G+512G（全网通）赠送三星充电器套装': '3788.00'}",200+
努比亚（nubia）红魔3代,茄子手机旗舰店,"{'全网通(6G+64G)': '2299.00', '全网通(6G+128G)': '2248.00', '全网通(8G+128G)': '2399.00', '全网通(12G+256G)': '3799.00'}",500+
华为Mate20Pro手机 极光色 8GB+128GB(到手价3699元),众宇通手机专营店,"{'6GB+128GB(到手价3499元)': '3999.00', '8GB+128GB(到手价3699元)': '4599.00', '全网通(6GB 128GB)【分期免息版】': '3999.00', '全网通(8GB 128GB)【分期免息版】': '4599.00'}",600+
荣耀畅玩7华为手机 全网通4G 全面屏双卡双待 智能老人手机 金色 全网通(2+16G),明日数码旗舰店,{'': '418.00'},2.7万+
华为（HUAWEI）畅享9,众盛手机专营店,"{'(4G RAM+64G ROM)': '829.00', '(4G RAM+128G ROM)': '939.00'}",5300+
荣耀v20 手机 麒麟980芯片 魅眼全视屏 4800万深感相机 魅海蓝 全网通 8G+128G,优爱特手机专营店,"{'全网通 6G+128G': '1799.00', '全网通 8G+128G': '1949.00', '全网通 8G+128G (一年屏碎险套装)': '1999.00'}",800+
华为（HUAWEI）华为畅享10Plus,同达丰手机旗舰店,"{'全网通 6G+128G': '1699.00', '全网通 4G+128G': '1399.00'}",600+
AppleiPhone X,疆界互联旗舰店,"{'全网通256G': '6429.00', '全网通64G': '5388.00'}",2000+
realme 真我X 大师版 4800万双摄 升降摄像头 屏下指纹 游戏智能手机  全网通 白蒜 8GB+128GB,realme官方旗舰店,{'': '1799.00'},70+
OPPOOPPO K5,OPPO墨白专卖店,"{'官方标配': '1999.00', '超值套装': '2099.00'}",1200+
AppleiPhone 11 pro,疆界互联旗舰店,"{'256GB': '9459.00', '64GB': '8129.00', '512GB': '11499.00', '全网通256G+1年碎屏保': '9608.00', '全网通64G+1年碎屏保': '8278.00', '全网通512G+1年碎屏保': '11648.00'}",700+
华为（HUAWEI） HUAWEI P30 ,闲至优品二手手机旗舰店,"{'8GB+64GB': '2459.00', '8GB+128GB': '2729.00', '8GB+256GB': '3199.00', '6GB+128GB': '2659.00'}",600+
【已降400+~】华为nova5pro 手机 琦境森林 移动全网通 （8GB+128GB）,冰之凯盛手机专营店,"{'移动全网通 （8GB+128GB）': '2268.00', '移动全网通 （8GB+256GB）': '2599.00'}",500+
华为 HUAWEI 畅享9Plus手机 极光紫 全网通(6GB 128GB),众宇通手机专营店,"{'全网通(6GB 128GB)': '1189.00', '全网通(4GB 128GB)': '1099.00'}",900+
