,model,store,versions,sale
5,iPhoneXR,Apple产品京东自营旗舰店,"{'64GB': '4499.00', '128GB': '4999.00', '256GB': '5999.00'}",2110.0
35,iPhone8PluS,Apple产品京东自营旗舰店,"{'64GB': '4199.00', '128GB': '4999.00', '256GB': '5599.00'}",2000.0
51,iPhone8,Apple产品京东自营旗舰店,"{'64GB': '3299.00', '128GB': '3999.00', '256GB': '4799.00'}",1530.0
1,iPhoneXS,Apple产品京东自营旗舰店,"{'64GB': '6199.00', '256GB': '7199.00', '512GB': '7699.00'}",1120.0
22,iPhone7PluS,Apple产品京东自营旗舰店,{'': '3499.00'},1090.0
46,iPhone7,Apple产品京东自营旗舰店,{'': '2899.00'},1060.0
143,小米红米6,小米京东自营旗舰店,"{'3GB+32GB': '649.00', '4GB+64GB': '799.00'}",820.0
6,荣耀V20,荣耀京东自营旗舰店,"{'全网通（6GB 128GB）': '1889.00', '全网通（8GB 128GB）': '2399.00', '全网通（8GB 256GB）': '2399.00'}",810.0
10,荣耀9X,荣耀京东自营旗舰店,"{'全网通（4GB 64GB）': '1099.00', '全网通（6GB 64GB）': '1289.00', '全网通（6GB 128GB）': '1789.00', '全网通（8GB 128GB）': '1999.00'}",790.0
36,荣耀20i,荣耀京东自营旗舰店,"{'全网通（6GB 64GB）': '1089.00', '全网通（4GB 128GB）': '1289.00', '全网通（6GB 128GB）': '1399.00', '全网通（6GB 256GB）': '1789.00'}",710.0
7,荣耀20,荣耀京东自营旗舰店,"{'全网通（8GB 128GB）': '2089.00', '全网通（8GB 256GB）': '2489.00'}",690.0
108,诺基亚105,诺基亚手机京东自营旗舰店,"{'新105单卡': '149.00', '105单卡': '149.00', '新105双卡': '149.00', '105双卡': '149.00'}",650.0
23,华为P30,华为京东自营官方旗舰店,"{'6GB+128GB': '3388.00', '8GB+64GB': '3388.00', '8GB+128GB': '3688.00', '8GB+256GB': '4188.00'}",610.0
59,华为畅享9PluS,华为京东自营官方旗舰店,"{'4GB+64GB': '999.00', '4GB+128GB': '1399.00', '6GB+128GB': '1699.00'}",600.0
534,飞利浦E106,飞利浦手机京东自营旗舰店,"{'【简约畅销款】': '89.00', 'E109': '89.00'}",500.0
34,华为Mate20,华为京东自营官方旗舰店,"{'6GB+64GB': '2699.00', '6GB+128GB': '3199.00'}",430.0
17,Z5x,vivo京东自营官方旗舰店,"{'4GB+64GB': '1398.00', '6GB+64GB': '1398.00', '6GB+128GB': '1398.00', '8GB+128GB': '1398.00'}",420.0
47,荣耀8XMax,荣耀京东自营旗舰店,"{'全网通（4GB 64GB）': '1189.00', '全网通（6GB 64GB）': '999.00', '全网通（4GB 128GB）': '1289.00', '全网通（6GB 128GB）': '1289.00'}",380.0
14,iPhoneXS,Apple产品京东自营旗舰店,"{'64GB': '5399.00', '256GB': '6499.00', '512GB': '7099.00'}",380.0
53,OPPOK3,OPPO京东自营官方旗舰店,"{'6GB+64GB': '1399.00', '8GB+128GB': '1799.00', '8GB+256GB': '1799.00'}",360.0
8,一加7Pro,一加手机京东自营官方旗舰店,"{'6GB 128GB': '3899.00', '8GB 256GB': '3899.00', '12GB 256GB': '3899.00'}",360.0
312,天语T2,天语手机京东自营官方旗舰店,{'': '89.00'},350.0
43,红米Note8Pro,小米京东自营旗舰店,"{'6GB+64GB': '1299.00', '6GB+128GB': '1399.00', '8GB+128GB': '1599.00', '8GB+256GB': '1799.00'}",320.0
73,飞利浦E171L,飞利浦手机京东自营旗舰店,{'': '168.00'},310.0
30,华为nova4e,华为京东自营官方旗舰店,"{'4GB+128GB': '1399.00', '6GB+128GB': '1299.00'}",260.0
26,小米CC9e,小米京东自营旗舰店,"{'4GB+64GB': '1049.00', '6GB+64GB': '1049.00', '6GB+128GB': '1049.00', '4GB+128GB': '1049.00'}",240.0
61,魅族16thPluS,魅族京东自营旗舰店,"{'16th（8GB+128GB）': '1888.00', '16th（6GB+128GB）': '1888.00', '16 Plus（6GB+128GB）': '1888.00', '16th（6GB+64GB）': '1888.00', '16 Plus（8GB+128GB）': '1888.00'}",240.0
70,华为nova4,华为京东自营官方旗舰店,"{'6GB+128GB 2000万': '1899.00', '8GB+128GB 2000万': '1899.00', '8GB+128GB 4800万': '1899.00'}",240.0
54,一加7,一加手机京东自营官方旗舰店,"{'8GB 256GB': '2999.00', '12GB 256GB': '3299.00'}",210.0
18,Z5,vivo京东自营官方旗舰店,"{'6GB+64GB': '1398.00', '6GB+128GB': '1498.00', '8GB+128GB': '2098.00', '6GB+256GB': '1648.00'}",210.0
44,荣耀Magic2,荣耀京东自营旗舰店,"{'全网通（6GB 128GB）': '1789.00', '全网通（8GB 128GB）': '1799.00', '全网通（8GB 256GB）': '2299.00', '3D感光全网通（8GB 512GB）': '2299.00'}",210.0
157,联想LenovoZ5,联想手机京东自营官方旗舰店,{'': '798.00'},190.0
9,荣耀20S,荣耀京东自营旗舰店,"{'全网通（6GB 128GB）': '1499.00', '全网通（8GB 128GB）': '1989.00'}",190.0
38,红米8A,小米京东自营旗舰店,"{'3GB+32GB': '699.00', '4GB+64GB': '749.00'}",190.0
40,荣耀20,荣耀京东自营旗舰店,"{'全网通（8GB 128GB）': '2689.00', '全网通（8GB 256GB）': '2989.00', 'MOSCHINO联名版（8GB 256GB）': '2989.00'}",180.0
506,小米9S,小米京东自营旗舰店,"{'6GB+64GB': '1399.00', '6GB+128GB': '1599.00', '8GB+128GB': '1799.00'}",170.0
29,华为nova5z,华为京东自营官方旗舰店,"{'6GB+64GB': '1399.00', '6GB+128GB': '1599.00'}",140.0
68,魅族X8,魅族京东自营旗舰店,"{'4GB+64GB': '899.00', '6GB+64GB': '999.00', '6GB+128GB': '1298.00'}",130.0
122,华为畅享9e,华为京东自营官方旗舰店,"{'3GB+32GB': '649.00', '3GB+64GB': '849.00'}",130.0
25,荣耀Play3,荣耀京东自营旗舰店,"{'全网通（4GB 64GB）': '889.00', '全网通（6GB 64GB）': '1299.00', '全网通（4GB 128GB）': '1299.00'}",130.0
39,红米K20Pro,小米京东自营旗舰店,"{'8GB+128GB': '2399.00', '8GB+512GB': '2799.00', '12GB+512GB': '2799.00'}",110.0
87,红米K20,小米京东自营旗舰店,"{'6GB+128GB': '1699.00', '8GB+256GB': '1799.00'}",110.0
33,vivoiQOOPro,vivo京东自营官方旗舰店,"{'8GB+128GB': '3498.00', '8GB+256GB': '3698.00', '12GB+128GB': '3298.00'}",110.0
380,守护宝上海中兴L660,守护宝手机京东自营旗舰店,{'': '199.00'},100.0
422,守护宝上海中兴L660,守护宝手机京东自营旗舰店,{'': '189.00'},100.0
539,天语Q21,天语手机京东自营官方旗舰店,{'': '69.00'},97.0
527,诺基亚3310,诺基亚手机京东自营旗舰店,{'': '399.00'},94.0
223,OPPOOPPOReno,OPPO京东自营官方旗舰店,"{'6GB+128GB': '1999.00', '6GB+256GB': '1999.00', '8GB+256GB': '1999.00'}",93.0
192,OPPOOPPOReno,OPPO京东自营官方旗舰店,"{'6GB+128GB': '1999.00', '6GB+256GB': '1999.00', '8GB+256GB': '1999.00'}",93.0
117,诺基亚81104G,诺基亚手机京东自营旗舰店,"{'裸机': '399.00', '耳机套装': '469.00'}",89.0
95,vivoZ3水滴全面屏高通骁龙处理器,vivo官方旗舰店,"{'6GB  64GB': '1098.00', '6GB  128GB': '1598.00', '4GB 128GB': '1048.00'}",89.0
77,realmeQ,realme真我京东自营旗舰店,"{'4GB+64GB': '1098.00', '6GB+64GB': '1298.00', '8GB+128GB': '1598.00'}",89.0
37,OPPORenoAce,OPPO京东自营官方旗舰店,"{'8GB+128GB': '2999.00', '8GB+256GB': '3199.00', '12GB+256GB': '3799.00'}",86.0
216,飞利浦E171L,飞利浦手机京东自营旗舰店,{'': '168.00'},84.0
45,iQOONeo855版,vivo京东自营官方旗舰店,"{'6GB+64GB': '1998.00', '6GB+128GB': '2298.00', '8GB+128GB': '2498.00'}",84.0
167,realmeX青春版,realme真我京东自营旗舰店,"{'4GB+64GB': '1199.00', '6GB+64GB': '1199.00', '6GB+128GB': '1199.00'}",84.0
185,飞利浦E171L,飞利浦手机京东自营旗舰店,{'': '168.00'},84.0
52,OPPOK5,OPPO京东自营官方旗舰店,"{'6GB+128GB': '1799.00', '8GB+128GB': '1999.00', '8GB+256GB': '2499.00'}",78.0
19,一加7T,一加手机京东自营官方旗舰店,"{'8GB 256GB': '3199.00', '8GB 128GB': '2999.00'}",74.0
170,飞利浦E319,飞利浦手机京东自营旗舰店,"{'E319': '199.00', 'E105': '99.00'}",72.0
135,魅族16S,魅族京东自营旗舰店,"{'全网通（6GB 128GB）': '2399.00', '全网通（8GB 128GB）': '2589.00'}",69.0
148,三星GalaxyA60,三星手机京东自营官方旗舰店,"{'6GB+64GB': '1339.00', '6GB+128GB': '1599.00'}",68.0
110,黑鲨游戏2Pro,黑鲨京东自营官方旗舰店,"{'12GB+128GB': '3499.00', '12GB+256GB': '3499.00', '12GB+512GB': '3499.00'}",60.0
86,vivoiQOO,vivo官方旗舰店,"{'6GB  128GB': '2098.00', '8GB  128GB': '2298.00', '8GB 256GB': '2998.00', '12GB  256GB': '3598.00', '12GB 128GB': '3098.00'}",51.0
293,华为畅玩7,佳沪手机旗舰店,{'': '418.00'},50.0
164,vivoS,vivo京东自营官方旗舰店,"{'4GB+128GB': '1598.00', '6GB+64GB': '1298.00', '6GB+128GB': '1898.00'}",44.0
307,飞利浦E289,飞利浦手机京东自营旗舰店,{'': '349.00'},44.0
296,iPhone8PluS,佳沪手机旗舰店,"{'全网通 64GB': '4138.00', '全网通 128GB': '4888.00', '全网通 256GB': '5999.00'}",42.0
362,纽曼R15,纽曼京东自营官方旗舰店,"{'移动联通版': '168.00', '电信版': '238.00'}",42.0
56,华为新品,荣耀京东自营旗舰店,"{'全网通（4GB 64GB）': '1089.00', '全网通（6GB 64GB）': '1389.00', '全网通（6GB 128GB）': '1699.00', '全网通（8GB 128GB）': '1899.00'}",39.0
199,魅族Note9,魅族京东自营旗舰店,"{'全网通（4GB 64GB）': '1099.00', '全网通（6GB 64GB）': '1199.00'}",39.0
400,努比亚努比亚X,努比亚京东自营旗舰店,"{'8GB+128GB': '2499.00', '8GB+256GB': '2499.00', '8GB+512GB': '2499.00'}",39.0
345,努比亚努比亚X,努比亚京东自营旗舰店,"{'8GB+128GB': '2499.00', '8GB+256GB': '2499.00', '8GB+512GB': '2499.00'}",39.0
94,AppleXR,佳沪手机旗舰店,"{'全网通 64GB': '4468.00', '全网通 128GB': '4798.00', '全网通 256G': '5648.00'}",39.0
90,华为麦芒8,华为京东自营官方旗舰店,{'': '1599.00'},39.0
230,魅族Note9,魅族京东自营旗舰店,"{'全网通（4GB 64GB）': '1099.00', '全网通（6GB 64GB）': '1199.00'}",39.0
24,iPhone11,佳沪手机旗舰店,"{'全网通 128GB': '5668.00', '全网通 64GB': '5188.00', '全网通 256GB': '6688.00'}",38.0
106,Reno十倍变焦版,OPPO京东自营官方旗舰店,"{'6GB+128GB': '3699.00', '6GB+256GB': '3999.00', '8GB+256GB': '4299.00'}",35.0
113,联想LenovoZ5S,联想手机京东自营官方旗舰店,"{'6GB+64GB': '898.00', '6GB+128GB': '1097.00'}",33.0
368,酷派cool9,酷派京东自营旗舰店,"{'酷玩8 Lite': '599.00', '酷派cool 9': '599.00', '碎屏保套装': '599.00'}",32.0
378,天语S,天语手机京东自营官方旗舰店,"{'全网通4G': '279.00', '2G': '279.00'}",31.0
366,荣耀畅玩8,荣耀京东自营旗舰店,{'': '599.00'},31.0
420,天语S,天语手机京东自营官方旗舰店,"{'全网通4G': '279.00', '2G': '279.00'}",31.0
50,三星GalaxyNote10+5G,三星手机京东自营官方旗舰店,{'': '7999.00'},30.0
193,OPPOK3千元高通骁龙710升降摄像头光感屏下指纹解锁全面屏智能拍照星云紫全网通(8GRAM+128GROM),OPPO官方直营旗舰店,"{'全网通(8G RAM+128G ROM)': '1799.00', '全网通(6G RAM+64G ROM)': '1399.00', '全网通(8G RAM+256G ROM)': '2299.00'}",30.0
224,OPPOK3千元高通骁龙710升降摄像头光感屏下指纹解锁全面屏智能拍照星云紫全网通(8GRAM+128GROM),OPPO官方直营旗舰店,"{'全网通(8G RAM+128G ROM)': '1799.00', '全网通(6G RAM+64G ROM)': '1399.00', '全网通(8G RAM+256G ROM)': '2299.00'}",30.0
27,红米K30,小米京东自营旗舰店,"{'6GB+128GB': '1699.00', '8GB+128GB': '1899.00', '8GB+256GB': '2199.00'}",30.0
258,iPhone7,经典二手商品专营店,"{'32G 全网通': '1069.00', '128G 全网通': '1399.00', '32G白条6期免息': '1137.00', '128G白条6期免息': '1488.00', '32G白条12期免息': '1215.00', '128G白条12期免息': '1590.00'}",27.0
605,荣耀畅玩7华为全网通4G全面屏,明日数码旗舰店,{'': '418.00'},27.0
127,魅族16XS,魅族京东自营旗舰店,"{'全网通（6GB 64GB）': '1299.00', '全网通（6GB 128GB）': '1699.00'}",27.0
74,AppleA1661,好机汇二手商品专营店,"{'32G 全网通': '1599.00', '128G 全网通': '1799.00'}",24.0
564,iPhone8PluS,经典二手商品专营店,"{'64G 全网通': '2539.00', '256G 全网通': '3188.00', '64G白条6期免息': '2701.00', '256G白条6期免息': '3391.00', '64G白条12期免息': '2885.00', '256G白条12期免息': '3623.00'}",24.0
599,纽曼L9,纽曼京东自营官方旗舰店,{'': '89.00'},23.0
546,诺基亚106,诺基亚手机京东自营旗舰店,"{'110': '179.00', '106': '179.00'}",23.0
64,联想LenovoZ6青春版,联想手机京东自营官方旗舰店,"{'6GB+64GB': '1098.00', '6GB+128GB': '1249.00', '4GB+64GB': '999.00'}",21.0
290,多亲（QIN）Qin1S,多亲官方旗舰店,{'': '399.00'},21.0
13,荣耀V30Pro,荣耀京东自营旗舰店,"{'全网通（8GB 128GB）': '3899.00', '全网通（8GB 256GB）': '4199.00'}",21.0
92,vivoU3x,vivo官方旗舰店,"{'3GB 32GB': '749.00', '3GB 64GB': '849.00', '4GB 64GB': '899.00'}",20.0
349,荣耀10青春版,掌视界数码旗舰店,"{'全网通(6G+128G)': '1199.00', '全网通(4G+64G)': '875.00', '全网通(6G+64G)': '1099.00'}",20.0
42,荣耀V30,荣耀京东自营旗舰店,"{'全网通（6GB 128GB）': '3299.00', '全网通（8GB 128GB）': '3699.00'}",19.0
251,iPhoneX,可多优品二手手机专营店,"{'64G全网通': '3149.00', '256G全网通': '3537.00', '64G全网通 白条12期免息0首付': '3705.00', '256G全网通 白条12期免息0首付': '4161.00'}",19.0
302,vivoS,vivo京东自营官方旗舰店,{'': '2398.00'},18.0
569,小辣椒红辣椒7R,小辣椒手机京东自营官方旗舰店,{'': '458.00'},18.0
41,一加7TPro,一加手机京东自营官方旗舰店,{'': '4599.00'},18.0
445,AppleXS,佳沪手机旗舰店,"{'全网通 256GB': '7099.00', '全网通 64GB': '5999.00', '全网通 256GB+碎屏险套餐': '7328.00', '全网通 64GB+碎屏险套餐': '6199.00'}",18.0
259,OPPOPCGM00,OPPO酷炫手机专卖店,"{'官方标配': '1799.00', '超值套装': '1899.00'}",17.0
250,华为畅享9,伟德手机专营店,{'': '798.00'},17.0
448,OPPOK3,OPPO酷炫手机专卖店,"{'官方标配': '1399.00', '超值套装': '1599.00'}",17.0
301,iPhone77二手磨砂黑128G全网通,扬帆二手商品专营店,"{'128G 全网通': '1369.00', '32G 全网通': '1059.00', '256G 全网通': '1799.00'}",17.0
136,中兴BladeA7,中兴京东自营官方旗舰店,"{'2GB+32GB': '498.00', '3GB+64GB': '498.00'}",16.0
377,天语S,天语手机京东自营官方旗舰店,{'': '279.00'},16.0
225,飞利浦E219,飞利浦手机京东自营旗舰店,{'': '299.00'},15.0
194,飞利浦E219,飞利浦手机京东自营旗舰店,{'': '299.00'},15.0
308,华为P30天空之境全网通8G+128G,福气多多手机旗舰店,"{'全网通8G+128G【华为官方直供】': '3688.00', '全网通8G+256G【华为官方直供】': '4188.00', '全网通6G+128G【华为官方直供】': '3388.00', '全网通8G+64G【华为官方直供】': '3388.00'}",15.0
467,vivoiQOONeo,vivo官方旗舰店,"{'6GB 128GB': '2098.00', '8GB 64GB': '2198.00', '8GB 128GB': '2398.00'}",15.0
304,OPPOK3,OPPO手机乐良专卖店,"{'全网通': '1799.00', '超值套装': '1899.00'}",14.0
544,飞利浦E151Y,飞利浦手机京东自营旗舰店,{'': '168.00'},14.0
566,ApplexS,佳沪手机旗舰店,"{'全网通 64GB': '5358.00', '全网通 256GB': '6258.00', '全网通 512GB': '14999.00', '全网通 64GB+碎屏险套餐': '10999.00'}",14.0
350,飞利浦E109C,飞利浦手机京东自营旗舰店,{'': '179.00'},14.0
406,飞利浦E109C,飞利浦手机京东自营旗舰店,{'': '169.00'},14.0
543,iPhoneXR,翱行二手商品专营店,"{'64G 全网通': '3458.00', '128G 全网通': '3699.00', '64G 全网通 白条6期免息': '3779.00', '128G 全网通  白条6期免息': '3999.00', '64G 全网通 白条12期免息': '3879.00', '128G 全网通  白条12期免息': '4099.00', '256G 全网通': '4088.00'}",13.0
252,华为P30Pro,臻火旗舰店,"{'8+128GB全网通': '4488.00', '8+256GB全网通': '4988.00'}",13.0
80,努比亚Z20,努比亚京东自营旗舰店,"{'6GB+128GB': '2799.00', '8GB+128GB': '2999.00', '8GB+512GB': '3499.00'}",13.0
583,天语T2,天语手机京东自营官方旗舰店,{'': '89.00'},13.0
253,荣耀20i保价10天加碎屏险+影视会员华为幻夜黑6+64G全网通,京铠玄手机旗舰店,"{'4+128G 全网通': '1299.00', '6+256G 全网通': '1799.00', '6+64G 全网通': '999.60'}",13.0
226,华为畅享9PluS,掌视界数码旗舰店,"{'移动全网通(4G+128G)': '998.00', '全网通(4G+128G)': '1070.00', '全网通(6G+128G)': '1198.00'}",12.0
220,iPhone6S,海之博优品二手商品专营店,"{'16G 全网通': '708.00', '32G 全网通': '836.00', '64G 全网通': '896.00', '128G 全网通': '1166.00'}",12.0
195,华为畅享9PluS,掌视界数码旗舰店,"{'移动全网通(4G+128G)': '998.00', '全网通(4G+128G)': '1070.00', '全网通(6G+128G)': '1198.00'}",12.0
189,iPhone6S,海之博优品二手商品专营店,"{'16G 全网通': '708.00', '32G 全网通': '836.00', '64G 全网通': '896.00', '128G 全网通': '1166.00'}",12.0
472,小米9,佳沪手机旗舰店,"{'全网通8GB+128GB': '2388.00', '全网通6GB+128GB': '2318.00', '全网通8GB+256GB': '2499.00'}",12.0
264,新款4G+64G大内存6.1英寸水滴大屏小辣椒9e安卓智能全网通4G学生价超薄指纹一体机渐变黑4G+64G,广中达官方旗舰店,"{'4G+64G': '569.00', '6G+64G': '699.00', '6G+128G': '799.00'}",12.0
109,华为p30,炜东电商旗舰店,"{'8GB+128GB 全网通（一年碎屏险套餐）': '3678.00', '8GB+256GB 全网通（一年碎屏险套餐）': '4188.00', '6GB+128GB 全网通（一年碎屏险套餐）': '3388.00', '8GB+64GB 全网通（一年碎屏险套餐）': '3388.00'}",12.0
594,iPhone7,可多优品二手手机专营店,"{'32G全网通': '1049.00', '128G全网通': '1329.00', '256G全网通': '1869.00', '32G全网通 白条6期免息0首付': '1116.00', '128G全网通 白条6期免息0首付': '1564.00', '256G全网通 白条6期免息0首付': '1988.00'}",12.0
65,OPPOA11x,OPPO京东自营官方旗舰店,{'': '1799.00'},12.0
483,OPPOA5,OPPO酷炫手机专卖店,{'': '699.00'},12.0
271,黑莓BlackBerryKEY2,黑莓手机京东自营官方旗舰店,"{'6GB+64GB': '3499.00', '6GB+128GB': '3999.00'}",12.0
416,华为畅享8e青春版,佳沪手机旗舰店,{'': '439.00'},12.0
358,华为畅享8e青春版,佳沪手机旗舰店,{'': '439.00'},12.0
132,小米（MI）红米note7Pro,佳沪手机旗舰店,{'': '1035.00'},12.0
286,飞利浦E518,飞利浦手机京东自营旗舰店,{'': '399.00'},12.0
371,小辣椒红辣椒8X,小辣椒手机京东自营官方旗舰店,{'': '649.00'},11.0
374,守护宝K199,守护宝手机京东自营旗舰店,{'': '399.00'},11.0
559,天语V6C,天语手机京东自营官方旗舰店,{'': '199.00'},11.0
598,华为P8青春版真八核CPU安卓移动4G联通2G黑色(系统不要升级）2+16G,信谊二手商品专营店,{'': '288.00'},11.0
479,华为P20Pro,福气多多手机旗舰店,"{'全网通6G+128G【华为官方直供】': '2888.00', '全网通6G+128G【碎屏险套餐】': '2938.00'}",10.0
66,华为nova4e雀翎蓝6G+128G全网通,京铠玄手机旗舰店,"{'6G+128G 全网通': '1199.00', '4G+128G 全网通碎屏险套装': '1179.00', '6G+128G 全网通碎屏险套装': '1239.00', '4G+128G 全网通': '1159.00'}",10.0
154,纽曼N99,纽曼京东自营官方旗舰店,{'': '119.00'},9.5
547,iPhone6,翱行二手商品专营店,"{'16G 全网通': '608.00', '64G 全网通': '768.00', '32G 全网通': '668.00', '128G 全网通': '1158.00'}",9.4
496,荣耀9X,牧申手机旗舰店,"{'全网通6GB+128GB': '1499.00', '全网通6GB+64GB': '1299.00', '全网通4GB+64GB': '1099.00', '全网通8GB+128GB': '1799.00'}",9.3
410,三星GalaxyS,三星手机京东自营官方旗舰店,"{'公开版': '4269.00', '移动版': '4269.00'}",9.1
354,三星GalaxyS,三星手机京东自营官方旗舰店,"{'公开版': '4269.00', '移动版': '4269.00'}",9.1
179,iPhone7PluS,佳沪手机旗舰店,"{'全网通 128GB': '3428.00', '全网通 32GB': '4399.00'}",9.0
316,荣耀20i,疆界互联旗舰店,"{'6G+64G全网通咨询赠一年影视会员观影权益': '999.00', '4G+128G全网通咨询赠一年影视会员观影权益': '1079.80', '6G+256G全网通咨询赠一年影视会员观影权益': '1499.80', '6G+128G全网通咨询赠一年影视会员观影权益': '1349.80', '6G+64G+一年碎屏险': '1249.00'}",9.0
140,小米9,疆界互联旗舰店,"{'8G+128G 全网通': '2388.00', '6G+128G 全网通': '2368.00', '8G+256G 全网通': '2488.00', '尊享12G+256G 全网通': '4999.00', '8G+128G 全网通 碎屏险套装': '2459.00'}",8.9
78,荣耀play3华为加送碎屏险极光蓝4+64G全网通,京铠玄手机旗舰店,"{'6+64G全网通': '1099.00', '4+64G全网通': '799.60', '4+128G全网通': '1299.00'}",8.9
531,OPPOR15x光感屏下指纹水滴全面屏6G+128G智能全网通后置AI,OPPO官方直营旗舰店,{'': '1499.00'},8.8
103,iPhoneX,马上优品二手商品旗舰店,"{'64G 全网通': '3088.00', '256G 全网通': '3518.00', '64G 全网通+外屏保': '3188.00', '256G 全网通+外屏保': '3688.00'}",8.5
120,华为p30Pro,炜东电商旗舰店,"{'8GB+128GB 全网通（一年碎屏险套餐）': '4478.00', '8GB+256GB 全网通（一年碎屏险套餐）': '4988.00', '8GB+512GB 全网通（一年碎屏险套餐）': '5788.00'}",8.5
379,小辣椒红辣椒8XPro,小辣椒手机京东自营官方旗舰店,{'': '859.00'},8.4
278,华为P30Pro,OKSJ手机旗舰店,"{'8G+128G赠华为无线充+蓝牙音箱': '4488.00', '8G+256G赠华为无线充+蓝牙音箱': '4988.00', '8G+512G赠华为无线充+蓝牙音箱': '5788.00'}",8.4
421,小辣椒红辣椒8XPro,小辣椒手机京东自营官方旗舰店,{'': '859.00'},8.4
367,OPPOA53G+32G全网通oppor15xk3同款全面屏,OPPO酷炫手机专卖店,{'': '699.00'},8.3
153,荣耀v20,佳沪手机旗舰店,"{'全网通8G+128G': '1899.00', '全网通6G+128G': '1699.00'}",8.3
58,一加7TPro,一加手机京东自营官方旗舰店,{'': '5299.00'},8.2
126,vivoiQOONeo,vivo官方旗舰店,"{'6GB 64GB': '1998.00', '6GB 128GB': '1998.00', '8GB 128GB': '2298.00', '8GB 256GB': '2698.00'}",8.0
88,iPhone11黑色全网通64GB,明日数码旗舰店,"{'全网通 64GB': '5128.00', '全网通 128GB': '5648.00', '全网通 256GB': '6577.00', '限时3-12期免息0首付/全网通 64GB': '5999.00', '限时3-12期免息0首付/全网通 128GB': '6599.00', '限时3-12期免息0首付/全网通 256GB': '7699.00', 'AirPods 2代无线套装/全网通 64GB': '6499.00', 'AirPods 2代无线套装/全网通 128GB': '6999.00', 'AirPods 2代无线套装/全网通 256GB': '7899.00', '全网通 64GB/赠苹果充电套装': '5299.00', '全网通 128GB/赠苹果充电套装': '5799.00', '全网通 256GB/赠苹果充电套装': '6699.00'}",8.0
139,华为nova4e,炜东电商旗舰店,"{'6G+128G全网通': '1178.00', '6G+128G 全网通一年碎屏险套装': '1229.00'}",7.8
160,中兴BladeV10,中兴京东自营官方旗舰店,"{'4GB+64GB': '999.00', '4GB+128GB': '999.00'}",7.7
71,OPPOA11,OPPO京东自营官方旗舰店,"{'4GB+128GB': '1299.00', '6GB+256GB': '1599.00', '6GB+128GB': '1499.00'}",7.6
149,荣耀20i,炜东电商旗舰店,"{'全网通(4GB+128GB)': '1099.00', '全网通（6GB+64GB）': '999.00', '全网通（6GB+128GB）': '1459.00', '全网通（6GB+256GB）': '1499.00'}",7.4
84,iPhonex,泰业优品二手手机旗舰店,"{'64G 全网通': '3199.00', '256G 全网通': '3606.00', '6期免息白条分期0首付 全网通64G': '3599.00', '6期免息白条分期0首付 全网通256G': '4073.00', '12期免息白条分期0首付 全网通64G': '3699.00', '12期免息白条分期0首付 全网通256G': '4299.00'}",7.4
114,小米（MI）红米8A,佳沪手机旗舰店,"{'全网通4G+64G': '668.00', '全网通3G+32G': '673.00'}",7.3
465,荣耀9X,掌视界数码旗舰店,"{'全网通（6G+128G）': '1559.00', '全网通（6G+64G）': '1299.00', '全网通（4G+64G）': '1099.00', '全网通(8G+128G)': '1999.00'}",7.3
210,摩托罗拉XT1925-10,摩托罗拉手机京东自营官方旗舰店,{'': '649.00'},7.2
460,iPhone6S,翱行二手商品专营店,"{'16G 全网通': '708.00', '64G 全网通': '889.00', '16G 全网通 白条12期免息': '889.00', '64G 全网通 白条12期免息': '889.00', '32G 全网通': '889.00', '128G 全网通': '889.00'}",7.2
124,vivoiQOOPro,vivo京东自营官方旗舰店,{'': '2898.00'},6.8
563,红米红米Note7Pro,同达丰手机旗舰店,{'': '1048.00'},6.7
16,iPhone11,聚捷联盛手机旗舰店,"{'【白条24期免息】128G': '7699.00', '256GB': '6599.00', '128GB': '5699.00', '【白条24期免息】64G': '6999.00', '64GB': '5149.00', '【白条24期免息】256G': '8999.00', '【白条6期免息】64G': '5599.00', '【白条6期免息】128G': '6199.00', '【白条6期免息】256G': '7299.00', '【白条12期免息】64G': '5999.00', '【白条12期免息】128G': '6599.00', '【白条12期免息】256G': '7699.00'}",6.7
206,Apple6iphone6,闪搜二手手机专营店,"{'16G 全网通+一年碎屏险': '708.00', '16G 全网通': '668.00', '64G 全网通+一年碎屏险': '928.00', '64G 全网通': '888.00', '32G 全网通+一年碎屏险': '808.00', '32G 全网通': '768.00'}",6.5
237,Apple6iphone6,闪搜二手手机专营店,"{'16G 全网通+一年碎屏险': '708.00', '16G 全网通': '668.00', '64G 全网通+一年碎屏险': '928.00', '64G 全网通': '888.00', '32G 全网通+一年碎屏险': '808.00', '32G 全网通': '768.00'}",6.5
96,OPPOK5,OPPO酷炫手机专卖店,{'': '1799.00'},6.5
571,OPPOK3高通骁龙710VOOC闪充r15x/r17同款星云紫（6G+64G）,OPPO优品专卖店,"{'双卡双待': '1399.00', '超值套餐': '1499.00'}",6.5
245,Apple6iphone6,闪搜二手手机专营店,"{'16G 全网通+一年碎屏险': '708.00', '16G 全网通': '668.00', '64G 全网通+一年碎屏险': '928.00', '64G 全网通': '888.00', '32G 全网通+一年碎屏险': '808.00', '32G 全网通': '768.00'}",6.5
91,iPhone11白色128GB,臻火旗舰店,"{'64GB': '5179.00', '128GB': '5759.00', '256GB': '6499.00'}",6.4
533,荣耀8X全网通幻夜黑（4G+64G）,聚捷联盛手机旗舰店,"{'（6G+128G）': '1249.00', '（6G+64G）': '1069.00', '（4G+64G）': '886.00'}",6.4
455,iPhone7PluS,泰业优品二手手机旗舰店,"{'32G 全网通': '1544.00', '32G 全网通 6期免息': '1798.00', '128G 全网通6期白条免息': '2099.00', '128G 全网通': '1799.00', '256G全网通': '2369.00', '128G 全网通12期白条免息': '2299.00'}",6.2
387,荣耀9X华为全网通魅海蓝标配版,聚捷联盛手机旗舰店,"{'【8G+128G】至尊版': '1799.00', '【6G+64G】高配版': '1299.00', '【6G+128G】尊享版': '1558.00', '【4G+64G】标配版': '1099.00'}",6.2
429,荣耀9X华为全网通魅海蓝标配版,聚捷联盛手机旗舰店,"{'【8G+128G】至尊版': '1799.00', '【6G+64G】高配版': '1299.00', '【6G+128G】尊享版': '1558.00', '【4G+64G】标配版': '1099.00'}",6.2
129,iPhonexXS,泰业优品二手手机旗舰店,"{'64G 全网通': '4799.00', '256G 全网通': '5354.00', '512G 全网通': '5899.00', '6期免息白条分期0首付 (64G全网通)': '5588.00', '6期免息白条分期0首付 (256G全网通)': '5999.00', '6期免息白条分期0首付 (512G全网通)': '6599.00'}",6.1
360,华为nova5i苏音蓝全网通(8G+128G),掌视界数码旗舰店,"{'全网通(6G+128G)': '1799.00', '全网通(8G+128G)': '1999.00'}",6.1
405,华为nova5i幻夜黑全网通(8G+128G),掌视界数码旗舰店,"{'全网通(6G+128G)': '1799.00', '全网通(8G+128G)': '1999.00'}",6.1
181,小米8游戏黑全网通6GB+128GB,谷高数码手机专营店,"{'全网通6GB+128GB': '1898.00', '全网通8GB+128GB': '2298.00', '全网通6GB+256GB': '2498.00', '移动全网通6GB+128GB': '1738.00'}",6.0
466,华为畅享10PluS,久汇通官方旗舰店,"{'全网通+（4G+128G）咨询下单有惊喜优惠': '1449.00', '全网通+免费碎屏险（6G+128G）': '1669.00', '全网通（6G+128G）+1年碎屏险': '1799.00', '全网通（8G+128G）+1年碎屏险': '1999.00', '全网通+免费碎屏险（8G+128G）': '1899.00'}",5.9
517,荣耀9x保价7天全网通魅海蓝6G+128G（到手价1599元）,千瑞达手机旗舰店,"{'4G+64G 送原装耳机': '1099.00', '6G+64G 送原装耳机': '1299.00', '6G+128G（到手价1599元）': '1599.00', '8G+128G  送原装耳机.碎屏险': '1999.00'}",5.7
101,vivoY7S,vivo京东自营官方旗舰店,{'': '1598.00'},5.6
72,小米9Pro,疆界互联旗舰店,"{'8G+256G 【现货速发】': '3588.00', '8G+128G': '3699.00', '12G+256G': '4099.00', '12G+512G 【现货速发】': '4199.00'}",5.5
408,OPPOOPPOK3,OPPO优品专卖店,"{'官方标配': '1399.00', '超值套餐': '1499.00'}",5.5
351,OPPOOPPOK3,OPPO优品专卖店,"{'官方标配': '1399.00', '超值套餐': '1499.00'}",5.5
440,华为mate20Pro,福气多多手机旗舰店,"{'6+128G【仅需3399到手】': '3999.00', '8G+128G【仅需3599到手】': '4599.00', '8G+256G【咨询优惠】': '5899.00'}",5.4
606,华为畅享9,众盛手机专营店,"{'(4G RAM+64G ROM)': '829.00', '(4G RAM+128G ROM)': '939.00'}",5.3
218,金立金立K3,金立手机京东自营旗舰店,"{'4GB+64GB': '749.00', '6GB+128GB': '949.00'}",5.1
461,华为mate30,OKSJ手机旗舰店,{'': '4299.00'},5.1
187,金立金立K3,金立手机京东自营旗舰店,"{'4GB+64GB': '749.00', '6GB+128GB': '749.00'}",5.1
175,OPPORenoAce,OPPO官方直营旗舰店,"{'标配版': '2999.00', '新品首销有礼': '3099.00'}",5.1
231,华为Mate30（5G版可选）亮黑全网通(8G+128G)(5G版),掌视界数码旗舰店,"{'全网通(6G+128G)(4G版)': '3999.00', '全网通(8G+128G)(4G版)': '4299.00', '全网通(8G+128G)(5G版)': '4999.00', '全网通(8G+256G)(5G版)': '5499.00'}",5.0
67,三星GalaxyNote10,三星手机京东自营官方旗舰店,{'': '5999.00'},5.0
200,华为Mate30（5G版可选）亮黑全网通(8G+128G)(5G版),掌视界数码旗舰店,"{'全网通(6G+128G)(4G版)': '3999.00', '全网通(8G+128G)(4G版)': '4299.00', '全网通(8G+128G)(5G版)': '4999.00', '全网通(8G+256G)(5G版)': '5499.00'}",5.0
288,vivoZ5x全网通极点全面屏5000mAh骁龙710AI三摄极光色6GB+128GB全网通,vivo兰珊专卖店,"{'全网通': '1398.00', '超值套装': '1498.00'}",4.7
330,iPhone8,马上优品二手商品旗舰店,"{'64G 全网通': '1868.00', '256G 全网通': '2548.00', '64G 全网通+碎屏无忧': '1888.00', '256G 全网通+碎屏无忧': '2568.00'}",4.5
393,华为nova5Pro,明日数码旗舰店,"{'全网通（8G+128GB）分期0首付': '2499.00', '全网通（8G+256GB）分期0首付': '2899.00', '12期免息/全网通（8G+128GB）': '2699.00', '12期免息/全网通（8G+256GB）': '3099.00'}",4.5
318,iPhone8,马上优品二手商品旗舰店,"{'64G 全网通': '1868.00', '256G 全网通': '2548.00', '64G 全网通+碎屏无忧': '1888.00', '256G 全网通+碎屏无忧': '2568.00'}",4.5
112,三星GalaxyA80,三星手机京东自营官方旗舰店,{'': '2739.00'},4.4
519,荣耀9x,疆界互联旗舰店,"{'6G+64G全网通咨询赠一年影视会员观影权益': '1299.80', '4G+64G全网通咨询赠一年影视会员观影权益': '1099.80', '6G+128G全网通咨询赠一年影视会员观影权益': '1519.00', '4G+64G+一年碎屏保': '1249.00', '8G+128G全网通咨询赠一年影视会员观影权益': '1799.00'}",4.4
326,华为nova5Pro,明日数码旗舰店,"{'全网通（8G+128GB）分期0首付': '2499.00', '全网通（8G+256GB）分期0首付': '2899.00', '12期免息/全网通（8G+128GB）': '2699.00', '12期免息/全网通（8G+256GB）': '3099.00'}",4.4
338,华为nova5Pro,明日数码旗舰店,"{'全网通（8G+128GB）分期0首付': '2499.00', '全网通（8G+256GB）分期0首付': '2899.00', '12期免息/全网通（8G+128GB）': '2699.00', '12期免息/全网通（8G+256GB）': '3099.00'}",4.4
169,华为Mate30Pro,掌视界数码旗舰店,"{'全网通(8G+128G)(4G版)': '5799.00', '全网通(8G+256G)(4G版)': '6299.00', '全网通(8G+256G)(5G版)': '6899.00', '全网通(8G+512G)(5G版)': '7899.00'}",4.2
294,华为畅享10pluS,炜东电商旗舰店,"{'6GB+128GB全网通（白条分期免息0首付）': '1699.00', '4GB+128GB全网通（白条分期免息0首付）': '1399.00', '8G+128G全网通（白条分期免息0首付）': '1899.00'}",4.2
134,华为nova5Pro,千瑞达手机旗舰店,"{'8G+128G  （已降200）': '2499.00', '8G+256G （已降200）': '2899.00', '8G+256G （12期免息）': '3099.00'}",4.1
365,小辣椒红辣椒7X尊享版,小辣椒手机京东自营官方旗舰店,"{'6GB+64GB': '749.00', '6GB+128GB': '859.00'}",4.1
282,荣耀20,疆界互联旗舰店,"{'8G+256G全网通碎屏险套装': '2209.80', '8G+128G全网通': '2099.80', '8G+256G+一年碎屏险': '2579.00'}",4.0
263,华为nova5Pro,佳沪手机旗舰店,"{'全网通8G+128G【咨询立省200】': '2499.00', '全网通8G+256G【咨询立省200】': '2899.00'}",4.0
119,小米红米Note8Pro,疆界互联旗舰店,"{'6G+128G 全网通': '1298.00', '8G+128G 全网通': '1448.00', '6G+64G 全网通': '1188.00', '8G+256G 全网通': '1618.00'}",3.9
151,AppleA1661,瓜子二手商品专营店,"{'32G 全网通': '1599.00', '128G 全网通': '1768.00'}",3.9
107,Appleipone11(A2223),淘金手机专营店,"{'全网通 (64GB)': '5118.00', '全网通 (128G)': '5688.00', '全网通(256G)': '6428.00', '全网通 (64GB)3-24期免息': '5828.00'}",3.9
464,黑鲨黑鲨游戏Helo,佳沪手机旗舰店,"{'全网通 8G+128G': '1988.00', '全网通 10G+256G': '3599.00'}",3.8
180,iPhone8PluS,马上优品二手商品旗舰店,"{'64G 全网通': '2458.00', '256G 全网通': '3099.00', '64G 全网通+碎屏无忧': '2488.00', '256G 全网通+碎屏无忧': '3119.00'}",3.7
211,iPhone8PluS,马上优品二手商品旗舰店,"{'64G 全网通': '2458.00', '256G 全网通': '3099.00', '64G 全网通+碎屏无忧': '2488.00', '256G 全网通+碎屏无忧': '3119.00'}",3.7
248,华为P30天空之境（8G+128G）,聚捷联盛手机旗舰店,"{'（6G+128G）': '3388.00', '8G+128G(12期免息版)': '3858.00', '（8G+256G）': '4188.00', '（8G+128G）': '3668.00', '（8G+64G）': '3388.00'}",3.6
209,华为P30天空之境（8G+128G）,聚捷联盛手机旗舰店,"{'（6G+128G）': '3388.00', '8G+128G(12期免息版)': '3858.00', '（8G+256G）': '4188.00', '（8G+128G）': '3668.00', '（8G+64G）': '3388.00'}",3.6
355,vivoZ5x,vivo智美专卖店,"{'4GB 64GB': '1198.00', '6GB 64GB': '1198.00', '6GB 128GB': '1298.00', '8GB 128GB': '1598.00'}",3.6
419,vivoZ5x,vivo智美专卖店,"{'4GB 64GB': '1198.00', '6GB 64GB': '1298.00', '6GB 128GB': '1398.00', '8GB 128GB': '1598.00'}",3.6
174,AppleXS,万城优品二手手机专营店,"{'64G 全网通': '4569.00', '256G 全网通': '5159.00', '512G 全网通': '5899.00', '64G 全网通 12期白条免息': '5199.00', '256G 全网通 12期白条免息': '5799.00', '512G 全网通 12期白条免息': '9099.00'}",3.5
190,华为畅享9,佳沪手机旗舰店,{'': '779.00'},3.5
221,华为畅享9,佳沪手机旗舰店,{'': '779.00'},3.5
560,荣耀畅玩8A全网通全面屏智能老人老年学生华为幻夜黑3+32G全网通,京铠玄手机旗舰店,"{'3+64G 全网通': '799.00', '3+32G 全网通': '588.00'}",3.4
396,华为畅享9S,京铠玄手机旗舰店,"{'6+64G 全网通': '999.00', '4G+128G 全网通': '999.00'}",3.4
329,华为畅享9S,京铠玄手机旗舰店,"{'6+64G 全网通': '999.00', '4G+128G 全网通': '999.00'}",3.4
152,华为mate20,牧申手机旗舰店,"{'6+64G 官方标配': '2699.00', '6+64G 碎屏险套餐': '2799.00', '6+128G 【官方标配】': '2599.00', '6+128G 碎屏险套餐': '3199.00'}",3.4
341,华为畅享9S,京铠玄手机旗舰店,"{'6+64G 全网通': '999.00', '4G+128G 全网通': '999.00'}",3.4
141,华为p20Pro,炜东电商旗舰店,{'': '2799.00'},3.3
597,飞利浦E517,飞利浦手机京东自营旗舰店,{'': '299.00'},3.3
279,飞利浦E5154G版,飞利浦手机京东自营旗舰店,{'': '499.00'},3.3
463,朵唯朵唯D1,朵唯手机京东自营旗舰店,{'': '599.00'},3.3
244,vivoU3x全网通水滴全面屏超广角AI三摄5000mAh持久续航赤茶红4GB+64GB全网通,vivo兰珊专卖店,"{'全网通': '899.00', '超值套装': '999.00'}",3.2
236,vivoU3x全网通水滴全面屏超广角AI三摄5000mAh持久续航赤茶红4GB+64GB全网通,vivo兰珊专卖店,"{'全网通': '899.00', '超值套装': '999.00'}",3.2
168,OPPORenoAce,OPPO手机乐良专卖店,"{'全网通': '2999.00', '超值套装': '3099.00'}",3.2
205,vivoU3x全网通水滴全面屏超广角AI三摄5000mAh持久续航赤茶红4GB+64GB全网通,vivo兰珊专卖店,"{'全网通': '899.00', '超值套装': '999.00'}",3.2
477,华为畅享10PluS,掌视界数码旗舰店,"{'全网通(4G+128G)(分期免息0首付)': '1399.00', '全网通(6G+128G)(分期免息0首付)': '1699.00', '全网通(8G+128G)(分期免息0首付)': '1899.00'}",3.1
437,红米红米Note7Pro,疆界互联旗舰店,{'': '1032.00'},3.1
449,华为P30,同达丰手机旗舰店,"{'全网通8G+64G(6期免息)': '3388.00', '全网通 6G+128G': '3388.00', '全网通8G+256G': '4188.00', '全网通 8G+128G(6期免息)': '3658.00'}",3.1
306,荣耀9x,佳沪手机旗舰店,"{'全网通4GB+64GB': '1099.00', '全网通6GB+64GB': '1299.00', '全网通6GB+128GB': '1799.00', '全网通8GB+128GB': '1999.00'}",3.1
386,红米红米Note7Pro,疆界互联旗舰店,{'': '1035.00'},3.1
470,荣耀畅玩8全面屏智能老人老人大字体老年机智能机学生机全网通全面屏幻夜黑2+32G,京铠玄手机旗舰店,{'': '499.00'},3.1
482,华为mate30Pro,福气多多手机旗舰店,"{'5G版（8G+256G）全网通': '6899.00', '5G版（8G+512G）全网通': '7899.00', '4G版（8G+128G） 全网通': '5799.00', '4G版（8G+256G）全网通': '6299.00'}",3.1
268,1699！OPPOK5findx/r15/k1/k3升级款oppok5奇幻森林6GB+128GB标配(原装耳机+蓝牙音箱),头号卖家旗舰店,"{'标配(原装耳机+蓝牙音箱)': '1799.00', '套餐(原装耳机+扫地机器人)': '1849.00'}",3.0
562,iPhone8PluS,泰业优品二手手机旗舰店,"{'64G 全网通': '2466.00', '256G 全网通': '3209.00', '6期免息白条分期0首付 全网通64G': '2899.00', '6期免息白条分期0首付 全网通256G': '3499.00'}",3.0
498,华为Nova4e,茄子手机旗舰店,"{'4G+128G': '1178.00', '6G+128G': '1188.00'}",2.9
93,iPhone11黑色全网通64GB,牧申手机旗舰店,"{'全网通 64GB': '5185.00', '全网通 128GB': '5685.00', '全网通 256GB': '7985.00'}",2.9
276,新品iPhone11Pro,OKSJ手机旗舰店,{'': '9398.00'},2.9
554,iPhone8pluS,发动机优品二手手机专营店,"{'64G 全网通': '2466.00', '256G 全网通': '3166.00', '64G 全网通 0首付6期白条免息': '2599.00', '256G 全网通 0首付6期白条免息': '3499.00', '64G 全网通 18W PD快充套装版': '2499.00', '256G 全网通 18W PD快充套装版': '3218.00'}",2.9
146,荣耀20Pro,疆界互联旗舰店,"{'8G+256G全网通咨询赠一年影视会员观影权益': '2599.00', '8G+128G全网通咨询赠一年影视会员观影权益': '2349.00', '8+256G 全网通 MOSCHINO联名版': '9999.00', '8G+256G+一年碎屏险': '3079.00'}",2.9
75,iPhoneXS,马上优品二手商品旗舰店,"{'全网通 64G': '3918.00', '全网通 256G': '4428.00', '全网通 512G': '4999.00'}",2.9
163,荣耀20Pro,天翼电信旗舰店,"{'全网通8GB+256GB': '2899.00', '全网通8GB+128GB': '2599.00'}",2.9
404,华为nova5Pro,OKSJ手机旗舰店,"{'8G+128G': '2499.00', '8G+256G': '2899.00'}",2.9
348,华为nova5Pro,OKSJ手机旗舰店,"{'8G+128G': '2499.00', '8G+256G': '2899.00'}",2.9
431,Apple11,冰之凯盛手机专营店,"{'全网通 64G': '5188.00', '全网通 128G': '5718.00', '全网通 256G': '6499.00', '全网通 64G（分期3期免息）': '5499.00', '全网通 128G（分期3期免息）': '5999.00', '全网通 256G（分期3期免息）': '6799.00', '全网通 64G（分期6期免息）': '5799.00', '全网通 128G（分期6期免息）': '6399.00', '全网通 256G（分期6期免息）': '7299.00', '全网通 64G（分期12期免息）': '6199.00', '全网通 128G（分期12期免息）': '6699.00', '全网通 256G（分期12期免息）': '7699.00', '全网通64G 【分期24期免息】': '5999.00', '全网通128G 【分期24期免息】': '6599.00', '全网通256G 【分期24期免息】': '7599.00'}",2.8
83,iPhoneXx国行X灰色64G全网通,发动机优品二手手机专营店,"{'64G 全网通': '3069.00', '256G 全网通': '3568.00', '64G 全网通 0首付 6期分期白条免息': '3299.00', '256G 全网通 0首付 6期分期白条免息': '3899.00', '64G 全网通 0首付 12期分期白条免息': '3499.00', '256G 全网通 0首付 12期分期白条免息': '4016.00', '64G 全网通 0首付 3期分期白条免息': '3199.99', '256G 全网通 0首付 3期分期白条免息': '3666.00', '64G 全网通 18W PD快充套装版': '3119.00', '256G 全网通 18W PD快充套装版': '3608.00', '256G 全网通 0首付 24期分期白条免息': '4466.00'}",2.8
343,iPhonex,泰业优品二手手机旗舰店,"{'256G 全网通 『赠全新苹果充电器』': '3755.00', '64G 全网通 『赠全新苹果充电器』': '3399.00', '6期免息白条分期0首付『64G』': '3699.00', '6期免息白条分期0首付『256G』': '4299.00'}",2.8
398,iPhonex,泰业优品二手手机旗舰店,"{'256G 全网通 『赠全新苹果充电器』': '3755.00', '64G 全网通 『赠全新苹果充电器』': '3399.00', '6期免息白条分期0首付『64G』': '3699.00', '6期免息白条分期0首付『256G』': '4299.00'}",2.8
601,Huawei/华为P20Pro,闲至优品二手手机旗舰店,"{'6GB+64GB': '1679.00', '6GB+128GB': '1859.00', '6GB+256GB': '2199.00', '8GB+128GB': '2199.00'}",2.8
389,Apple11,冰之凯盛手机专营店,"{'全网通 64G': '5188.00', '全网通 128G': '5718.00', '全网通 256G': '6499.00', '全网通 64G（分期3期免息）': '5499.00', '全网通 128G（分期3期免息）': '5999.00', '全网通 256G（分期3期免息）': '6799.00', '全网通 64G（分期6期免息）': '5799.00', '全网通 128G（分期6期免息）': '6399.00', '全网通 256G（分期6期免息）': '7299.00', '全网通 64G（分期12期免息）': '6199.00', '全网通 128G（分期12期免息）': '6699.00', '全网通 256G（分期12期免息）': '7699.00', '全网通64G 【分期24期免息】': '5999.00', '全网通128G 【分期24期免息】': '6599.00', '全网通256G 【分期24期免息】': '7599.00'}",2.8
280,OPPOK56400万超清四摄k1k3升级版游戏oppok奇幻森林8G+128G全网通,OPPO优品专卖店,"{'全网通': '1999.00', '超值套餐': '1899.00'}",2.8
257,iPhone11Pro,茄子手机旗舰店,"{'512GB': '12108.00', '256GB': '10178.00', '64GB': '9028.00', '(白条24期免息0首付) 64GB': '10198.00'}",2.8
269,iPhone8PluS,同城帮二手商品专营店,"{'64GB 全网通4G': '2499.00', '256GB 全网通4G': '3288.00'}",2.8
403,索尼（S,索尼手机旗舰店,{'': '5399.00'},2.7
476,iPhone7,海之博优品二手商品专营店,"{'32G 全网通': '1000.00', '128G 全网通': '1316.00', '256G 全网通': '1758.00'}",2.7
369,索尼（S,索尼手机旗舰店,{'': '5399.00'},2.7
60,iPhone11Pro,佳沪手机旗舰店,"{'全网通 256GB': '9369.00', '全网通 64GB': '8058.00', '全网通 512GB': '12099.00'}",2.7
359,iPhone8,同城帮二手商品专营店,"{'64G 全网通4G': '1999.00', '256G 全网通4G': '2548.00'}",2.7
161,iPhone11Pro,中国移动手机官方旗舰店,"{'64GB': '9228.00', '256GB': '10468.00', '512GB': '12228.00', '64GB（+Airpods套装版）': '10388.00', '256GB（+Airpods套装版）': '11628.00', '512GB（+Airpods套装版）': '13345.00'}",2.7
166,iPhone11黑色全网通64GB,京联通达旗舰店,"{'全网通 64GB': '5299.00', '全网通 128GB': '5799.00', '全网通256GB': '6799.00'}",2.6
137,小辣椒红辣椒9X,小辣椒手机京东自营官方旗舰店,{'': '999.00'},2.6
501,荣耀8X,佳沪手机旗舰店,"{'全网通6GB+128GB': '1249.00', '全网通4GB+64GB': '899.00'}",2.6
591,华为畅享Max,华信通手机专营店,"{'移动全网通(4GB+128GB)': '1158.00', '全网通(4GB+128GB)': '1158.00', '全网通(6GB+128GB)': '1158.00'}",2.6
298,摩托罗拉motorolag7PLUS,摩托罗拉手机京东自营官方旗舰店,{'': '1199.00'},2.5
133,荣耀V20全网通智能幻夜黑(6+128G)赠原装耳机+蓝牙音箱,OKSJ手机旗舰店,{'': '1699.00'},2.5
451,iPhoneXRXR国行,发动机优品二手手机专营店,"{'64G 全网通': '3429.00', '128G 全网通': '3666.00', '256G 全网通': '4049.99', '64G 0首付6期分期白条免息': '3699.00', '128G 0首付6期分期白条免息': '4099.00', '64G 官方在保': '3788.00', '128G 官方在保': '4066.00', '64G 全网通 18W PD快充套装版': '3499.00', '128G 全网通 18W PD快充套装版': '3699.00'}",2.5
266,OPPOReno2findx/r17/r15升级款opporeno2zReno2薄雾粉(8GB+128G)标配(蓝牙耳机+蓝牙音箱),头号卖家旗舰店,"{'标配(蓝牙耳机+蓝牙音箱)': '2999.00', '套餐(蓝牙耳机+扫地机器人)': '3049.00'}",2.4
178,荣耀9x华为保价7天货到付款魅海蓝4+64G全网通,京铠玄手机旗舰店,"{'6+64G 全网通': '1299.00', '8+128G全网通': '1999.00', '6+128G 全网通': '1599.00', '4+64G全网通': '1099.00'}",2.4
62,iPhone11Pro,同达丰手机旗舰店,"{'全网通 256GB': '10199.00', '全网通 64GB': '8999.00', '全网通 512GB': '13199.00'}",2.4
441,小辣椒红辣椒8A,小辣椒手机京东自营官方旗舰店,{'': '474.00'},2.4
518,小米9幻彩蓝8+128G全网通,京铠玄手机旗舰店,"{'8+128G 全网通': '2399.00', '6+128G 全网通': '2398.00', '8+256G 全网通': '2599.00', '8+128G 六期白条免息': '2599.00'}",2.4
390,OPPOReno2findx/r17/r15升级款opporeno2zReno2海洋之心(8GB+128GB)标配(蓝牙耳机+蓝牙音箱),头号卖家旗舰店,"{'标配(蓝牙耳机+蓝牙音箱)': '2999.00', '套餐(蓝牙耳机+扫地机器人)': '3049.00'}",2.4
555,华为畅享max,同达丰手机旗舰店,"{'全网通6G+128G': '1139.00', '全网通4G+128G': '1099.00'}",2.4
439,海信HiS,海信手机京东自营旗舰店,"{'6GB+128GB': '2799.00', '6GB+64GB': '2599.00'}",2.3
525,小米9,淘金手机专营店,"{'全网通(6G+128G）': '2318.00', '全网通(6G+128G)+type-c耳机': '2899.00', '全网通(8G+128G)': '2999.00', '全网通(8G+256G)': '2498.00'}",2.3
79,华为Mate30Pro,臻火旗舰店,"{'8+256GB全网通': '6899.00', '8+512GB全网通': '7899.00', '8+128GB全网通': '6399.00'}",2.3
260,iPhone11Pro,明日数码旗舰店,"{'全网通(256GB)': '10099.00', '全网通(64GB)': '8888.00', '全网通(512GB)': '12199.00', '3-12期免息/全网通(256GB)': '11699.00', '3-12期免息/全网通(64GB)': '10399.00', 'AirPods 2代无线套装/全网通(256GB)': '11499.00', 'AirPods 2代无线套装/全网通(64GB)': '10299.00', 'AirPods 2代无线套装/全网通(512GB)': '13599.00', '全网通(256GB)赠苹果充电套装': '10399.00', '全网通(64GB)赠苹果充电套装': '9068.00'}",2.3
552,荣耀Magic2尊享版渐变黑（8+128G）,聚捷联盛手机旗舰店,{'': '1859.00'},2.2
487,华为畅享9e,伟德手机专营店,"{'3GB+64GB全网通': '698.00', '3GB+64GB移动全网通': '685.00'}",2.2
578,OPPORenoZ水滴屏全面屏游戏拍照4800W超清像素光感屏幕指纹超级闪充星辰紫全网通(8GRAM+128GROM),OPPO官方直营旗舰店,"{'全网通(8G RAM+128G ROM)': '2199.00', '全网通(6G RAM+256G ROM)': '2199.00', 'O-Fresh耳机+RenoZ（8+128GB）': '2308.00'}",2.2
235,华为nova5Pro,京合旗舰店,"{'全网通8GB+128GB': '2499.00', '全网通8GB+256GB': '2899.00'}",2.2
204,华为nova5Pro,京合旗舰店,"{'全网通8GB+128GB': '2499.00', '全网通8GB+256GB': '2899.00'}",2.2
243,华为nova5Pro,京合旗舰店,"{'全网通8GB+128GB': '2499.00', '全网通8GB+256GB': '2899.00'}",2.2
443,华为mate30Pro,佳沪手机旗舰店,"{'全网通8G+128G（4G版）': '5799.00', '全网通8G+256G（4G版）': '6299.00', '全网通8G+256G（5G版）': '6899.00', '全网通8G+512G（5G版）': '7899.00'}",2.2
447,小米9S,明日数码旗舰店,"{'6G+64G 全网通': '1578.00', '6G+128G 全网通': '1788.00', '8G+128G 全网通': '1878.00'}",2.2
600,OPPOReno24800万变焦四摄8+128防抖6.5英寸大屏新品深海夜光(8GB+128GB)官方标配,OPPO酷炫手机专卖店,{'': '2999.00'},2.2
523,小米8青春,众盛手机专营店,"{'(6G RAM +128G ROM)': '1199.00', '(6G RAM+ 64G ROM)': '1059.00', '(4G RAM+128G ROM)': '1069.00'}",2.2
255,OPPOReno24800万四摄opporeno2r17/r15海洋之心(8G+128G)官方标配,牧申手机旗舰店,{'': '2999.00'},2.1
198,华为mate20Pro,牧申手机旗舰店,"{'6GB+128GB 全网通': '3588.00', '8GB+128GB 全网通': '4599.00'}",2.1
485,华为mate20Pro,千瑞达手机旗舰店,"{'6G+128G（详情页领劵减500）': '3999.00', '8+128G(UD版）（详情页领劵减500）': '4599.00', '8+256G(UD版)': '5599.00'}",2.1
121,Appleiphone11Pro,疆界互联旗舰店,"{'256GB': '10049.00', '64GB': '8799.00', '512GB': '12169.00', '全网通256G+1年碎屏保': '10198.00', '全网通64G+1年碎屏保': '8948.00', '全网通512G+1年碎屏保': '12318.00'}",2.1
370,朵唯朵唯D1,朵唯手机京东自营旗舰店,{'': '699.00'},2.1
165,华为20i,众盛手机专营店,"{'(6G RAM+64G ROM)': '999.00', '(4G RAM+128G ROM)': '1069.00', '(6G RAM+128G ROM)': '1399.00', '(6G RAM+256G ROM)': '1799.00'}",2.1
229,华为mate20Pro,牧申手机旗舰店,"{'6GB+128GB 全网通': '3588.00', '8GB+128GB 全网通': '4599.00'}",2.1
363,华为Mate20Pro,聚捷联盛手机旗舰店,"{'8GB+128GB（12期免息版）': '4599.00', '6GB+128GB': '3999.00', '8GB+128GB（UD版）': '3499.00'}",2.1
227,华为直供原装正品现货速发）下单尊享19重豪礼亮黑色(8G+128G)5G版,久汇通官方旗舰店,{'': '4999.00'},2.0
557,华为畅享MAX全网通幻夜黑6GB+128GB,伟德手机专营店,"{'4GB+64GB': '919.00', '4GB+128GB': '1159.00', '6GB+128GB': '1159.00'}",2.0
478,黑鲨游戏2Pro,疆界互联旗舰店,"{'全网通 12G+256G': '3499.00', '全网通 12G+128G': '3299.00', '全网通 12G+512G': '3999.00'}",2.0
492,AGMAGMM5,AGM京东自营官方旗舰店,{'': '499.00'},2.0
115,华为Mate20全网通极光色（6G+128G),聚捷联盛手机旗舰店,"{'（6G+128G)': '2568.00', '（6G+64G）': '2699.00'}",2.0
173,红米Note8Pro,伟德手机专营店,"{'6GB+64GB': '1188.00', '6GB+128GB': '1298.00', '8GB+128GB': '1438.00', '8GB+256GB': '1688.00'}",2.0
609,iPhoneX,疆界互联旗舰店,"{'全网通256G': '6429.00', '全网通64G': '5388.00'}",2.0
328,vivovivoz5x,vivo耀诚鑫专卖店,"{'4G+64G': '1298.00', '6G 64G': '1298.00', '6G 128G': '1398.00', '8G 128G': '1698.00'}",2.0
395,vivovivoz5x,vivo耀诚鑫专卖店,"{'4G+64G': '1298.00', '6G 64G': '1298.00', '6G 128G': '1398.00', '8G 128G': '1698.00'}",2.0
590,华为nova2S,银河信业手机专营店,"{'4G+64G全网通': '1129.00', '4G+64G全网通移动4G': '1399.00', '6G+64G全网通': '1699.00', '6GB+128GB全网通': '1799.00', '6G+ 64G全网通移动4G': '1699.00'}",2.0
595,朵唯9X智能4/6GB+64GB八核水滴全面屏全网通4G人脸指纹解锁老人大屏学生价一体机渐变蓝4GB+64GB,金诚腾达手机专营店,"{'4GB+64GB': '598.00', '6GB+64GB': '658.00', '6GB+128GB': '778.00'}",2.0
452,AppleA2108,好机汇二手商品专营店,"{'64G 全网通': '3399.00', '128G 全网通': '3588.00', '256G 全网通': '3998.00'}",2.0
340,vivovivoz5x,vivo耀诚鑫专卖店,"{'4G+64G': '1298.00', '6G 64G': '1298.00', '6G 128G': '1398.00', '8G 128G': '1698.00'}",2.0
196,华为直供原装正品现货速发）下单尊享19重豪礼亮黑色(8G+128G)5G版,久汇通官方旗舰店,{'': '4999.00'},2.0
277,荣耀20Pro,OKSJ手机旗舰店,"{'8G+128G 赠蓝牙耳机+原装数据线': '2399.00', '8G+256G 赠蓝牙耳机+原装数据线': '2669.00'}",2.0
265,华为P30Pro,天翼电信旗舰店,"{'8GB+128GB': '4488.00', '8GB+256GB': '4988.00', '8GB+512GB': '5788.00'}",1.9
144,iPhone11Pro,OKSJ手机旗舰店,{'': '10188.00'},1.9
553,天语Q8,天语手机京东自营官方旗舰店,{'': '299.00'},1.9
589,华为nova4e,佳沪手机旗舰店,"{'全网通6G+128G': '1149.00', '全网通4G+128G': '1088.00'}",1.9
577,华为nova5Pro,牧申手机旗舰店,"{'官方标配': '2499.00', '24期免息': '2899.00'}",1.9
285,华为P30全网通4G天空之境8G+128G,千瑞达手机旗舰店,"{'8G+64G': '3388.00', '8G+128G': '3688.00', '8G+256G': '4188.00', '6+128G': '3388.00', '8+128G（12期免息）': '3888.00'}",1.8
462,小米（MI）红米8,佳沪手机旗舰店,"{'全网通4G+64G': '748.00', '全网通3G+32G': '678.00'}",1.8
442,魅族（MEIZU）魅族16S,淘金手机专营店,"{'全网通(6G+128G）': '2699.00', '全网通 (8G+128G)': '2928.00', '全网通(8G+256G)': '3599.00'}",1.8
202,AppleiPhone7,拍拍二手自营旗舰店,"{'32G全网通': '1569.00', '128G全网通': '1869.00', '256G全网通': '2199.00'}",1.7
315,Appleiphone11全网通智能紫色128G,OKSJ手机旗舰店,{'': '5658.00'},1.7
381,OPPOA11x,OPPO手机乐良专卖店,"{'全网通': '1799.00', '超值套装': '1899.00'}",1.7
233,AppleiPhone7,拍拍二手自营旗舰店,"{'32G全网通': '1569.00', '128G全网通': '1869.00', '256G全网通': '2199.00'}",1.7
407,华为DUB-AL00,疆界互联旗舰店,"{'4G+64G 全网通': '828.00', '4G+64G （移动全网通）': '1099.00', '4G+128G 全网通': '888.00'}",1.7
587,荣耀Magic2渐变黑全网通（8GB+128GB）,京联通达旗舰店,{'': '1855.00'},1.7
402,华为HUAWEIMate20Pro,闲至优品二手手机旗舰店,"{'6GB+128GB (3D面部识别)': '2659.00', '8GB+128GB (3D面部识别+屏内指纹)': '2959.00', '8GB+256GB (3D面部识别+屏内指纹)': '3399.00', '8GB+512GB (RS版 保时捷设计)': '12999.00'}",1.7
241,AppleiPhone7,拍拍二手自营旗舰店,"{'32G全网通': '1569.00', '128G全网通': '1869.00', '256G全网通': '2199.00'}",1.7
147,OPPOK56400万超清四摄30WVOOC闪充骁龙730G拍照游戏k3升级版奇幻森林(6G+128G)官方标配,牧申手机旗舰店,"{'官方标配': '1799.00', '超值套装': '1899.00'}",1.7
346,华为HUAWEIMate20Pro,闲至优品二手手机旗舰店,"{'6GB+128GB (3D面部识别)': '2659.00', '8GB+128GB (3D面部识别+屏内指纹)': '2959.00', '8GB+256GB (3D面部识别+屏内指纹)': '3399.00', '8GB+512GB (RS版 保时捷设计)': '12999.00'}",1.7
423,OPPOA11x,OPPO手机乐良专卖店,"{'全网通': '1799.00', '超值套装': '1899.00'}",1.7
155,小米红米8A智能老人学生机深海蓝4GB+64GB,明日数码旗舰店,"{'3GB+32GB': '658.00', '4GB+64GB': '668.00'}",1.6
158,vivoX27Pro,vivo官方旗舰店,{'': '3298.00'},1.6
540,荣耀V20幻夜黑全网通(6G+128G),鹏瑶旗舰店,{'': '1690.00'},1.6
310,华为P20Pro,众盛手机专营店,"{'(6G RAM+128G ROM)': '2899.00', '(6G RAM+64G ROM)': '2599.00'}",1.6
347,华为DUB-AL00,疆界互联旗舰店,"{'4G+64G 全网通': '828.00', '4G+64G （移动全网通）': '1099.00', '4G+128G 全网通': '1409.00'}",1.6
418,华为P20Pro,众盛手机专营店,"{'(6G RAM+128G ROM)': '2899.00', '(6G RAM+64G ROM)': '2599.00'}",1.6
417,小米cc9e蓝色（深蓝星球）6G+128G全网通,疆界互联旗舰店,"{'6G+128G 全网通': '1099.00', '6G+64G 全网通': '999.00', '4G+64G 全网通': '899.00', '4G+128G 全网通': '1198.00'}",1.6
505,华为nova4e,众盛手机专营店,"{'(6G RAM+128G ROM)': '1198.00', '(4GB RAM+128GB ROM)': '1159.00'}",1.5
500,OPPOReno24800万变焦四摄视频防抖6.5英寸阳光全景屏薄雾粉（8GB+128GB）,OPPO官方直营旗舰店,{'': '2999.00'},1.5
273,华为Nova5z新品幻夜黑6+128G全网通,臻火旗舰店,"{'6+64G全网通': '1499.00', '6+128G全网通': '1699.00'}",1.5
125,华为Mate20翡冷翠6GB+128GB（到手价2599元）,众宇通手机专营店,"{'6GB+64GB（到手价2299元）': '2699.00', '6GB+128GB（到手价2599元）': '3199.00', '6GB+128GB【分期免息】': '3199.00'}",1.5
289,华为P20Pro,疆界互联旗舰店,{'': '2788.00'},1.5
434,华为mate20x5g版翡冷翠8G+256G全网通5G,疆界互联旗舰店,"{'8G+256G 全网通5G': '4899.00', '原装1年碎屏险套装版8G+256G 5G全网通': '4899.00', '8+256G(全网通免息版）': '6999.00'}",1.5
142,iPhoneXXS,发动机优品二手手机专营店,"{'64G': '4636.00', '256G': '5119.00', '512G': '5988.00', '全网通 64G 分期0首付 6期白条免息': '5066.00', '全网通 256G 分期0首付 6期白条免息': '5699.00', '64G+赠苹果原装充电器': '4688.00', '256G+赠苹果原装充电器': '5249.00'}",1.5
63,iPhone11,鹏瑶旗舰店,"{'全网通64G': '5199.00', '全网通256G': '6549.00', '全网通128G': '5699.00', '全网通64G 白条3期免息': '5449.00'}",1.5
208,华为畅享9S,京联通达旗舰店,{'': '969.00'},1.4
582,iPhone7PluS,聚捷联盛手机旗舰店,"{'【白条六期免息】128GB': '3799.00', '【白条三期免息】128GB': '3699.00', '【白条三期免息】32GB': '2899.00', '全网通(32GB)': '2769.00', '【白条六期免息】32GB': '2999.00', '全网通(128GB )': '3599.00'}",1.4
320,iPhone7PluS,聚捷联盛手机旗舰店,"{'【白条六期免息】128GB': '3799.00', '【白条三期免息】32GB': '2899.00', '【白条六期免息】32GB': '2999.00', '【白条三期免息】128GB': '3699.00', '全网通(32GB)': '2799.00', '全网通(128GB )': '3599.00'}",1.4
424,realmeX2,智美尚品手机专营店,"{'6GB+64GB 全网通': '1599.00', '8GB+128GB 全网通': '1698.00', '6GB+128GB 全网通': '1499.00'}",1.4
481,华为畅享9pluS,淘金手机专营店,"{'全网通 (4G+64G)': '1599.00', '全网通 (4G+128G)': '1098.00', '全网通(6G+128G)': '1218.00'}",1.4
332,iPhone7PluS,聚捷联盛手机旗舰店,"{'【白条六期免息】128GB': '3799.00', '【白条三期免息】32GB': '2899.00', '【白条六期免息】32GB': '2999.00', '【白条三期免息】128GB': '3699.00', '全网通(32GB)': '2799.00', '全网通(128GB )': '3599.00'}",1.4
409,荣耀20i3200万AI自拍渐变蓝全网通(6GB64GB),众宇通手机专营店,"{'全网通(6GB 128GB)': '1399.10', '4GB+128GB': '1299.10', '全网通(6GB 64GB)': '999.10', '6GB+256GB': '1799.10'}",1.4
239,华为畅享9S,京联通达旗舰店,{'': '969.00'},1.4
382,realmeX2,智美尚品手机专营店,"{'6GB+64GB 全网通': '1599.00', '8GB+128GB 全网通': '1698.00', '6GB+128GB 全网通': '1499.00'}",1.4
497,小米9Pro,谷高数码手机专营店,{'': '4488.00'},1.4
247,华为畅享9S,京联通达旗舰店,{'': '969.00'},1.4
353,荣耀20i3200万AI自拍渐变蓝全网通(6GB64GB),众宇通手机专营店,"{'全网通(6GB 128GB)': '1399.10', '4GB+128GB': '1299.10', '全网通(6GB 64GB)': '999.10', '6GB+256GB': '1799.10'}",1.4
413,iPhoneXR,马上优品二手商品旗舰店,"{'全网通 64G': '3458.00', '全网通 128G': '3728.00', '全网通 256G': '4018.00'}",1.3
197,vivovivoiqooneo855,vivo耀诚鑫专卖店,"{'6G 64G': '1998.00', '6G 128G': '2298.00', '8G 128G': '2498.00', '6+128GB套装': '2398.00', '6+64GB套装': '2098.00'}",1.3
98,一加一加7T,疆界互联旗舰店,"{'8G+128G全网通【明星单品】': '2999.00', '8G+256G全网通【明星单品】': '3299.00', '8G+256G全网通【碎屏套装+2T】': '3449.00', '8G+128G全网通【碎屏套装+2T】': '3149.00', '8G+256G全网通【银耳套装】': '3399.00', '8G+128G全网通【银耳套装】': '3099.00'}",1.3
162,vivoNEX3,vivo官方旗舰店,"{'8GB 256GB': '4998.00', '12GB 256GB': '5498.00'}",1.3
526,华为nova4e雀翎蓝全网通(6G+128G),鹏瑶旗舰店,{'': '1180.00'},1.3
323,iPhoneXR,马上优品二手商品旗舰店,"{'全网通 64G': '3458.00', '全网通 128G': '3728.00', '全网通 256G': '4018.00'}",1.3
511,小米8S,明日数码旗舰店,"{'4G+64G 全网通': '1208.00', '6G+64G 全网通': '1318.00', '6G+128G 全网通': '1368.00'}",1.3
228,vivovivoiqooneo855,vivo耀诚鑫专卖店,"{'6G 64G': '1998.00', '6G 128G': '2298.00', '8G 128G': '2498.00', '6+128GB套装': '2398.00', '6+64GB套装': '2098.00'}",1.3
335,iPhoneXR,马上优品二手商品旗舰店,"{'全网通 64G': '3458.00', '全网通 128G': '3728.00', '全网通 256G': '4018.00'}",1.3
433,华为mate20x,新松联手机旗舰店,"{'6GB+128GB 全网通': '3078.00', '8GB+256GB 全网通': '5099.00'}",1.2
611,OPPOOPPOK5,OPPO墨白专卖店,"{'官方标配': '1999.00', '超值套装': '2099.00'}",1.2
104,三星G9298,三星手机京东自营官方旗舰店,{'': '5069.00'},1.2
529,飞利浦E5164G版,飞利浦手机京东自营旗舰店,{'': '339.00'},1.2
535,华为P30,头号卖家旗舰店,"{'6+128GB【减300】': '3398.00', '8+128GB【减300】': '3688.00', '8+256GB【减300】': '4188.00'}",1.2
118,AppleiPhoneXR,拍拍二手自营旗舰店,"{'64G全网通': '3999.00', '128G全网通': '4199.00', '256G全网通': '4699.00'}",1.2
550,iPhone7pluS,焕新二手商品专营店,"{'32G 全网通': '1629.00', '128G 全网通': '1789.00', '32G 全网通 白条6期免息': '1709.00', '32G 全网通 白条12期免息': '1796.00', '128G 全网通 白条6期免息': '1878.00', '128G 全网通 白条12期免息': '1968.00'}",1.1
324,iPhone11全网通绿色全网通64GB,华信通手机专营店,"{'全网通 64GB': '5199.00', '全网通 128GB': '5688.00', '全网通 256GB': '6618.00'}",1.1
530,创星X5,和英科技手机专营店,{'': '489.00'},1.1
528,iPhone11,泰业优品二手手机旗舰店,"{'64G 全网通『赠全新苹果充电器』': '4899.00', '128G 全网通『赠全新苹果充电器』': '5399.00', '256G 全网通『赠全新苹果充电器』': '6199.00', '6期免息白条分期0首付『64G』': '5299.00', '6期免息白条分期0首付『128G』': '5799.00'}",1.1
256,ROGROG游戏2,佳沪手机旗舰店,"{'精英版8GB+128GB': '3349.00', '经典版12GB+512GB': '5945.00', '至尊版12GB+1T': '7979.00'}",1.1
435,荣耀9XPro,新松联手机旗舰店,"{'全网通 8GB+256GB': '1938.00', '全网通 8GB+128GB': '1999.00', '全网通 8GB+256GB 智能AI音箱套装': '2199.00'}",1.1
392,iPhone11全网通绿色全网通64GB,华信通手机专营店,"{'全网通 64GB': '5199.00', '全网通 128GB': '5688.00', '全网通 256GB': '6618.00'}",1.1
309,荣耀20i,佳沪手机旗舰店,{'': '999.00'},1.1
579,华为nova5i后置AI四摄极点全面屏前置2400万高清摄像头全网通4G苏音蓝8GB+128GB（白条免息+多重豪礼）,严集手机旗舰店,"{'6GB+128GB（白条免息+多重豪礼）': '1799.00', '8GB+128GB（白条免息+多重豪礼）': '1999.00'}",1.1
524,华为P30Pro,头号卖家旗舰店,"{'全网通8+128G【减300】': '4488.00', '全网通8+256G【减300】': '4988.00', '全网通8+512G【减300】': '5788.00'}",1.1
336,iPhone11全网通绿色全网通64GB,华信通手机专营店,"{'全网通 64GB': '5199.00', '全网通 128GB': '5688.00', '全网通 256GB': '6618.00'}",1.1
314,华为官方直供新品亮黑色8+128GB全网通,臻火旗舰店,"{'8+128GB全网通': '4999.00', '8+256GB全网通': '5499.00'}",1.0
319,iPhone7,焕新二手商品专营店,"{'32G 全网通': '1039.00', '128G 全网通': '1359.00', '32G 全网通 白条6期免息': '1089.00', '32G 全网通 白条12期免息': '1146.00', '128G 全网通 白条6期免息': '1429.00', '128G 全网通 白条12期免息': '1496.00'}",1.0
397,华为Nova5Pro,头号卖家旗舰店,"{'全网通8GB+256GB【减200/2699起】': '2899.00', '全网通8GB+128GB【减200/2299起】': '2499.00'}",1.0
428,vivovivoiQOONeo855,vivo兰珊专卖店,"{'8GB 256GB': '2698.00', '6GB 64GB': '1998.00', '6GB 128GB': '2298.00', '8GB 128GB': '2498.00'}",1.0
128,华为Mate30Pro,久汇通官方旗舰店,"{'全网通（8G+128G）5G版': '6399.00', '全网通（8G+256G）5G版': '6899.00', '全网通（8G+512G）5G版': '7899.00', '全网通（8G+128G）4G版': '5799.00', '全网通（8G+256G）4G版': '6299.00', '全网通（8G+128G）5G版+1年碎屏险': '6599.00', '全网通（8G+256G）5G版+1年碎屏险': '7099.00', '全网通（8G+512G）5G版+1年碎屏险': '8099.00', '全网通（8G+128G）4G版+1年碎屏险': '5969.00', '全网通（8G+256G）4G版+1年碎屏险': '6469.00'}",1.0
331,iPhone7,焕新二手商品专营店,"{'32G 全网通': '1039.00', '128G 全网通': '1359.00', '32G 全网通 白条6期免息': '1089.00', '32G 全网通 白条12期免息': '1146.00', '128G 全网通 白条6期免息': '1429.00', '128G 全网通 白条12期免息': '1496.00'}",1.0
342,华为Nova5Pro,头号卖家旗舰店,"{'全网通8GB+256GB【减200/2699起】': '2899.00', '全网通8GB+128GB【减200/2299起】': '2499.00'}",1.0
484,华为畅享9S,众盛手机专营店,{'': '969.00'},1.0
454,荣耀8X,众盛手机专营店,"{'(4G RAM+64G ROM)': '899.00', '(6GB RAM+128GB ROM)': '1289.00', '(6G RAM+64G ROM)': '1089.00', '(4G RAM+128G ROM)': '1099.00'}",1.0
69,iPhone11,迪信通官方旗舰店,"{'64GB': '5299.00', '256GB': '6699.00', '128GB': '5799.00'}",1.0
521,红米红米note8梦幻蓝6+128G全网通,京铠玄手机旗舰店,"{'6+64G 全网通': '1056.00', '6+128G 全网通': '1128.00', '4+64G 全网通': '978.00'}",0.9
615,华为HUAWEI畅享9PluS,众宇通手机专营店,"{'全网通(6GB 128GB)': '1189.00', '全网通(4GB 128GB)': '1099.00'}",0.9
337,iPhonexS,泰业优品二手手机旗舰店,"{'256G 全网通': '5188.00', '64G 全网通': '4566.00', '512G 全网通': '5999.00'}",0.9
219,荣耀v30,新松联手机旗舰店,"{'全网通 8GB+128GB 碎屏险套装': '3699.00', '全网通 6GB+128GB 碎屏险套装': '3299.00', '全网通 8GB+128GB 智能AI音箱套装': '3749.00', '全网通 6GB+128GB  荣耀手环5NFC套装': '3459.00', '全网通 8GB+128GB 荣耀手环5NFC套装': '3859.00'}",0.9
297,荣耀Play3,伟德手机专营店,"{'(4G RAM+64G ROM)': '799.00', '(6G RAM+64G ROM)': '1199.00', '(4G RAM+128G ROM)': '1299.00'}",0.9
325,iPhonexS,泰业优品二手手机旗舰店,"{'256G 全网通': '5188.00', '64G 全网通': '4566.00', '512G 全网通': '5999.00'}",0.9
184,三星（S,炜东电商旗舰店,{'': '11999.00'},0.9
215,三星（S,炜东电商旗舰店,{'': '11999.00'},0.9
238,iPhoneX,智达二手手机专营店,"{'64G 全网通4G': '3049.00', '256G 全网通4G': '3519.00', '64G 全网通4G 赠原装充电器': '3188.00', '256G 全网通4G 赠原装充电器': '3688.00', '64G 全网通4G【6期免息】': '3279.00', '256G 全网通4G【6期免息】': '3869.00'}",0.9
385,华为畅享10pluS,京联通达旗舰店,"{'全网通（4G+128G）': '1399.00', '全网通（6G+128G）': '1699.00', '全网通（8G+128G）': '1899.00'}",0.9
246,iPhoneX,智达二手手机专营店,"{'64G 全网通4G': '3049.00', '256G 全网通4G': '3519.00', '64G 全网通4G 赠原装充电器': '3188.00', '256G 全网通4G 赠原装充电器': '3688.00', '64G 全网通4G【6期免息】': '3279.00', '256G 全网通4G【6期免息】': '3869.00'}",0.9
249,AppleiPhone8,拍拍二手自营旗舰店,{'': '2699.00'},0.9
426,华为畅享10pluS,京联通达旗舰店,"{'全网通（4G+128G）': '1399.00', '全网通（6G+128G）': '1699.00', '全网通（8G+128G）': '1899.00'}",0.9
105,iPhone11,发动机优品二手手机专营店,"{'64G 全网通 赠苹果充电套装': '4899.00', '128G 全网通 赠苹果充电套装': '5399.00', '256G 全网通': '6099.00', '64G 全网通 0首付 白条分期6期免息手机': '5266.00', '128G 全网通 0首付 白条分期6期免息手机': '5799.00', '64G 全网通 18W PD快充套装版': '4899.00', '128G 全网通 18W PD快充套装版': '5399.00'}",0.9
145,海信A6L,海信手机京东自营旗舰店,"{'6GB+128GB': '2799.00', '6GB+64GB': '2599.00'}",0.9
267,三星（S,三星二手手机旗舰店,"{'64G': '1799.00', '移动版(CMCC)': '1499.00'}",0.9
188,荣耀v30,新松联手机旗舰店,"{'全网通 8GB+128GB 碎屏险套装': '3699.00', '全网通 6GB+128GB 碎屏险套装': '3299.00', '全网通 8GB+128GB 智能AI音箱套装': '3749.00', '全网通 6GB+128GB  荣耀手环5NFC套装': '3459.00', '全网通 8GB+128GB 荣耀手环5NFC套装': '3859.00'}",0.9
159,iPhone11Pro,明日数码旗舰店,"{'全网通(64GB)': '8069.00', '全网通(256GB)': '9499.00', '全网通(512GB)': '11159.00', '3-12期免息/全网通(64GB)': '9399.00', '3-12期免息/全网通(256GB)': '10999.00', 'AirPods 2代无线套装/全网通(64GB)': '9499.00', 'AirPods 2代无线套装/全网通(256GB)': '10799.00', '全网通(64GB)赠苹果充电套装': '8466.00', '全网通(256GB)赠苹果充电套装': '9799.00'}",0.8
469,荣耀Note10,茄子手机旗舰店,"{'全网通(6G+64G)': '1599.00', '全网通(6G+128G)': '1368.00'}",0.8
171,华为mate30(5G/4G版可选)（白条6期免息0首付+送一年碎屏险）亮黑色8GB+128GB全网通（5G版）,炜东电商旗舰店,"{'8GB+128GB全网通（5G版）': '4999.00', '8GB+256GB全网通（5G版）': '5499.00', '8G+128GB全网通（4G版）': '4299.00', '6G+128GB全网通（4G版）': '3999.00'}",0.8
575,三星GalaxyS,九九二手商品专营店,"{'S8【4+64】送黑色原装充电器': '1330.00', 's8[4+128]': '1750.00'}",0.8
567,守护宝L6,守护宝手机京东自营旗舰店,{'': '189.00'},0.8
89,Appleiphonex,泰业优品二手手机旗舰店,"{'64G 全网通『赠全新苹果充电器』': '3699.00', '256G 全网通『赠全新苹果充电器』': '4166.00', '6期免息白条分期0首付『64G』': '4099.00', '6期免息白条分期0首付『256G』': '4599.00'}",0.8
150,华为畅享Max7.12寸大屏幻夜黑全网通（6GB+128GB）,聚捷联盛手机旗舰店,{'': '1159.00'},0.8
494,三星GalaxyS,中国移动手机官方旗舰店,"{'6+128GB': '3759.00', '6+128GB（碎屏无忧）': '3869.00'}",0.8
499,88488848M5,8848手机官方旗舰店,{'': '9999.00'},0.8
607,荣耀v20麒麟980芯片魅眼全视屏4800万深感相机魅海蓝全网通8G+128G,优爱特手机专营店,"{'全网通 6G+128G': '1799.00', '全网通 8G+128G': '1949.00', '全网通 8G+128G (一年屏碎险套装)': '1999.00'}",0.8
432,小米mix3黑色8+256G,谷高数码手机专营店,"{'6+128G': '2058.00', '8+128G': '2138.00', '8+256G': '2348.00'}",0.8
458,华为畅享10PluS,佳沪手机旗舰店,"{'6GB+128GB': '1699.00', '4GB+128GB': '1399.00', '8GB+128GB': '1899.00'}",0.8
457,华为Mate20RS,佳沪手机旗舰店,{'': '6599.00'},0.8
510,华为nova5Pro,严集手机旗舰店,{'': '2499.00'},0.8
300,华为nova5Pro,茄子手机旗舰店,"{'全网通(8GB+256GB)': '3099.00', '全网通(8GB+128GB)': '2699.10'}",0.8
275,OPPOOPPOReno2Z,OPPO墨白专卖店,"{'官方标配': '2299.00', '超值套装': '2399.00'}",0.7
261,三星GalaxyA50S,三星手机京东自营官方旗舰店,{'': '1868.00'},0.7
549,iPhone11Pro,臻火旗舰店,"{'64GB': '8199.00', '256GB': '9499.00', '512GB': '11499.00'}",0.7
130,华为mate30Pro,同达丰手机旗舰店,"{'5G版(8G+256G)【华为无线充+华为AI音】': '6909.00', '5G版(8G+512G)【华为无线充+华为AI音】': '7899.00', '5G版(8G+128G)【华为无线充+华为AI音】': '6409.00'}",0.7
612,iPhone11Pro,疆界互联旗舰店,"{'256GB': '9459.00', '64GB': '8129.00', '512GB': '11499.00', '全网通256G+1年碎屏保': '9608.00', '全网通64G+1年碎屏保': '8278.00', '全网通512G+1年碎屏保': '11648.00'}",0.7
99,华为HUAWEIMate30Pro,头号卖家旗舰店,"{'全网通8GB+256GB(5G版)': '6899.00', '全网通8GB+512GB（5G版）': '7899.00', '全网通8GB+128GB（5G版）': '6399.00'}",0.7
240,一加OnePluS,牧申手机旗舰店,"{'8+256GB': '3299.00', '8+128GB': '2999.00'}",0.7
596,小米9Pro,淘金手机专营店,{'': '4349.00'},0.7
375,小米mix3黑色8+256G,谷高数码手机专营店,"{'6+128G': '2058.00', '8+128G': '2138.00', '8+256G': '2348.00'}",0.7
232,一加OnePluS,牧申手机旗舰店,"{'8+256GB': '3299.00', '8+128GB': '2999.00'}",0.7
473,联想Z5Pro,世云手机专营店,"{'6GB+128GB': '1299.00', '8GB+256GB': '1599.00', '8GB+128GB': '1999.00'}",0.7
201,一加OnePluS,牧申手机旗舰店,"{'8+256GB': '3299.00', '8+128GB': '2999.00'}",0.7
274,荣耀20Pro,聚捷联盛手机旗舰店,"{'（8G+256G)': '2588.00', '（8G+128G）': '2699.00', '（8G+256G）（12期免息零首付）': '2999.00'}",0.7
85,柔宇（ROYOLE）FlexPai柔派柔性折叠屏,柔宇旗舰店,{'': '8999.00'},0.6
333,华为nova5Pro,易橙手机专营店,"{'8GB+128GB': '2499.00', '8GB+256GB': '2899.00'}",0.6
131,小米红米K30,佳沪手机旗舰店,"{'全网通6G+128G': '1699.00', '全网通8G+128G': '1899.00', '全网通8G+256G': '2199.00'}",0.6
283,88488848M4,8848手机官方旗舰店,{'': '5999.00'},0.6
520,Apple7,君问手机旗舰店,{'': '2699.00'},0.6
344,美图（meitu）V7,佳沪手机旗舰店,{'': '2699.00'},0.6
82,荣耀v30,京铠玄手机旗舰店,"{'6+128G 全网通': '3299.60', '8+128G 全网通': '3699.40'}",0.6
111,三星GalaxyS,中国移动手机官方旗舰店,"{'8GB+128GB': '4899.00', '8GB+128GB（碎屏无忧套餐）': '5019.00'}",0.6
551,华为p30天空之境全网通(8G+128G),鹏瑶旗舰店,{'': '3688.00'},0.6
399,美图（meitu）V7,佳沪手机旗舰店,{'': '2699.00'},0.6
430,小米CC9Pro,茄子手机旗舰店,"{'8GB+128GB': '2668.00', '8GB+256GB': '2988.00', '6GB+128GB': '2588.00'}",0.6
613,华为HUAWEIP30,闲至优品二手手机旗舰店,"{'8GB+64GB': '2459.00', '8GB+128GB': '2729.00', '8GB+256GB': '3199.00', '6GB+128GB': '2659.00'}",0.6
425,红米K30,茄子手机旗舰店,"{'全网通4G (6GB+128GB)': '1699.00', '全网通4G(8GB+128GB)': '1899.00', '全网通4G(8GB+256GB)': '2199.00', '全网通4G (6GB+64GB)': '1599.00', '全网通4G(8GB+256GB)订金10抵220元': '2199.00'}",0.6
608,华为畅享10PluS,同达丰手机旗舰店,"{'全网通 6G+128G': '1699.00', '全网通 4G+128G': '1399.00'}",0.6
604,华为Mate20Pro,众宇通手机专营店,"{'6GB+128GB(到手价3499元)': '3999.00', '8GB+128GB(到手价3699元)': '4599.00', '全网通(6GB 128GB)【分期免息版】': '3999.00', '全网通(8GB 128GB)【分期免息版】': '4599.00'}",0.6
558,红米8A全网通超长待机智能老人老年备用深海蓝4GB+64GB,伟德手机专营店,"{'3GB+32GB': '655.00', '4GB+64GB': '668.00'}",0.6
321,华为nova5Pro,易橙手机专营店,"{'8GB+128GB': '2499.00', '8GB+256GB': '2899.00'}",0.6
388,小米CC9Pro,茄子手机旗舰店,"{'8GB+128GB': '2668.00', '8GB+256GB': '2988.00', '6GB+128GB': '2588.00'}",0.6
471,荣耀9XPro,聚捷联盛手机旗舰店,"{'8G+128G': '1999.00', '8G+256G': '1938.00'}",0.6
383,红米K30,茄子手机旗舰店,"{'全网通4G (6GB+128GB)': '1699.00', '全网通4G(8GB+128GB)': '1899.00', '全网通4G(8GB+256GB)': '2199.00', '全网通4G (6GB+64GB)': '1599.00', '全网通4G(8GB+256GB)订金10抵220元': '2199.00'}",0.6
573,iPhone8PluS,丰泽优品二手商品专营店,"{'64G 全网通': '2828.00', '256G 全网通': '3699.00'}",0.6
536,朵唯D11新款6GB+64/128GB智能渐变玻璃八核6.3英寸水滴全面屏老人全网通4G人脸指纹极光色6GB+64GB,金诚腾达手机专营店,"{'6GB+64GB': '689.00', '6GB+128GB': '778.00'}",0.5
217,vivoY9S,vivo京东自营官方旗舰店,{'': '1998.00'},0.5
186,vivoY9S,vivo京东自营官方旗舰店,{'': '1998.00'},0.5
603,努比亚（nubia）红魔3代,茄子手机旗舰店,"{'全网通(6G+64G)': '2299.00', '全网通(6G+128G)': '2248.00', '全网通(8G+128G)': '2399.00', '全网通(12G+256G)': '3799.00'}",0.5
545,华为nova6赠多重好礼普罗旺斯5GS,新松联手机旗舰店,"{'5G SA/NSA双模全网通(8+128G)': '3799.00', '5G SA/NSA双模全网通(8+256G)': '4199.00', '4G全网通(8+128G)': '3199.00'}",0.5
614,华为nova5Pro,冰之凯盛手机专营店,"{'移动全网通 （8GB+128GB）': '2268.00', '移动全网通 （8GB+256GB）': '2599.00'}",0.5
532,华为nova5z幻夜黑全网通(6G+64G),掌视界数码旗舰店,"{'全网通(6G+64G)': '1499.00', '全网通(6G+128G)': '1699.00'}",0.5
303,小米CC9Pro,佳沪手机旗舰店,"{'全网通6G+128G': '2598.00', '全网通8G+128G': '2678.00', '全网通8G+256G': '3078.00'}",0.5
391,iPhone11Pro,淘金手机专营店,"{'全网通 (64G)': '8168.00', '全网通 (256G)': '9468.00', '全网通(512G)': '13000.00', '全网通(64G)分期免息': '9099.00', '全网通(256)分期免息': '12000.00'}",0.5
438,iPhone11,京合旗舰店,"{'全网通64GB': '5499.00', '全网通128GB': '5999.00', '全网通256GB': '6799.00'}",0.4
580,三星（S,智达二手手机专营店,"{'6G+64G 全网通4G': '4699.00', '6G+256G 全网通4G': '6999.00'}",0.4
270,OPPORenoAce高通骁龙855PluS,OPPO官方直营旗舰店,"{'标配版': '3599.00', '超值套装': '3699.00'}",0.4
489,华为Mate20X,茄子手机旗舰店,"{'全网通8G+256G': '4399.00', '全网通6G+128G': '3028.00'}",0.4
541,锤子（S,佳沪手机旗舰店,{'': '2899.00'},0.4
287,三星（S,掌视界数码旗舰店,{'': '11999.00'},0.4
561,红米Note8Pro,华信通手机专营店,"{'6G RAM+64G ROM': '1188.00', '6G RAM+128G ROM': '1308.00', '8G RAM+128G ROM': '1428.00'}",0.4
537,荣耀note10幻夜黑全网通（6GB+128GB）,华信通手机专营店,"{'全网通（6GB+128GB）': '1348.00', '全网通（6GB+64GB）': '1336.00'}",0.4
334,iPhone11Pro,淘金手机专营店,"{'全网通 (64G)': '8138.00', '全网通 (256G)': '9398.00', '全网通(512G)': '13000.00', '全网通(64G)分期免息': '9099.00', '全网通(256)分期免息': '12000.00'}",0.4
364,AppleiPhoneXS,拍拍二手自营旗舰店,"{'64G全网通': '4599.00', '256G全网通': '5399.00', '512G全网通': '5799.00'}",0.4
568,华为HUAWEInova5Pro,淘金手机专营店,"{'全网通 (8G+128G)咨询领210元券': '2699.00', '全网通 (8G+256G)咨询领210元券': '3099.00', '全网通(8G+128G)24期免息': '2699.00', '全网通(8G+256G)24期免息': '3099.00'}",0.4
138,红米红米K30王一博同款深海微光全网通6G+128G,谷高数码手机专营店,"{'全网通6G+64G': '1599.00', '全网通6G+128G': '1699.00', '全网通8G+128G': '1899.00', '全网通8G+256G': '2199.00'}",0.4
295,荣耀V20,伟德手机专营店,"{'全网通(6GB+128GB)': '1718.00', '全网通版(8GB+128GB)': '1918.00', '移动版全网通(8GB+128GB)': '1899.00'}",0.4
495,荣耀V30Pro,新松联手机旗舰店,"{'全网通 8GB+128GB 碎屏险套装': '3899.00', '全网通 8GB+256GB 碎屏险套装': '4199.00', '全网通 8GB+128GB 无线充套装': '3999.00', '全网通 8GB+256GB 无线充套装': '4299.00', '全网通 8GB+128GB 荣耀手环5NFC套装': '4059.00', '全网通 8GB+256GB 荣耀手环5NFC套装': '4359.00'}",0.4
581,华为畅享9PluS,优爱特手机专营店,"{'全网通（4G+128G）': '1068.00', '全网通（6G+128G）': '1168.00'}",0.4
427,iPhone11,银河信业手机专营店,"{'64GB': '5499.00', '128GB': '5999.00', '256GB': '6899.00'}",0.4
513,华为mate30全网通翡冷翠8GB+128GB（5G版）,千瑞达手机旗舰店,"{'6GB+128GB(4G版）(不支持5G）': '3999.00', '8GB+128GB(4G版）(不支持5G）': '4299.00', '8GB+128GB（5G版）': '4999.00', '8GB+256GB（5G版）': '5499.00'}",0.4
588,vivovivoX27,丰泽优品二手商品专营店,"{'8GB+128GB': '1688.00', '8GB+256GB': '1860.00'}",0.4
592,美图（meitu）V7,酷风行手机旗舰店,{'': '2799.00'},0.4
322,iPhone11Pro,淘金手机专营店,"{'全网通 (64G)': '8138.00', '全网通 (256G)': '9398.00', '全网通(512G)': '13000.00', '全网通(64G)分期免息': '9099.00', '全网通(256)分期免息': '12000.00'}",0.4
97,华为nova6（5G/4G版）亮黑色8+128G全网通（5G版）,京铠玄手机旗舰店,"{'8+256G 全网通（5G版）': '4199.00', '8+128G 全网通（5G版）': '3799.00', '8+128G 全网通（4G版）': '3199.00'}",0.3
556,iPhone11Pro,聚捷联盛手机旗舰店,"{'64GB': '8999.00', '256GB': '10199.00', '【白条24期免息】64G': '11599.00', '【白条24期免息】256G': '13199.00', '512GB': '12499.00', '【白条24期免息】512G': '16499.00', '【白条6期免息】64G': '9699.00', '【白条6期免息】256G': '10999.00', '【白条6期免息】512G': '13399.00', '【白条12期免息】64G': '10299.00', '【白条12期免息】256G': '11599.00', '【白条12期免息】512G': '14399.00'}",0.3
254,华硕ROG2腾讯游戏深度定制骁龙855PluS,顺电手机旗舰店,{'': '3299.00'},0.3
446,Appleiphone11Pro,优品美手机专营店,"{'全网通64G': '9199.00', '全网通256G': '10259.00', '全网通 512G': '12599.00', '全网通64G【白条12期免息】': '9967.00', '全网通256G【白条12期免息】': '11266.00'}",0.3
357,华为Mate20X(5G),牧申手机旗舰店,"{'(8GB+256GB)全网通': '4899.00', '(6GB+128GB)全网通': '3999.00'}",0.3
490,一加一加7tPro,疆界互联旗舰店,"{'8G+256G【明星单品】': '4599.00', '8G+256G【碎屏保+银耳套装】': '4799.00', '12G+256G【明星单品】': '5299.00', '12G+256G【碎屏保+银耳套装】': '5499.00', '12G+256G【银耳套装】': '5399.00', '8G+256G【银耳套装】': '4699.00'}",0.3
415,华为Mate20X(5G),牧申手机旗舰店,"{'(8GB+256GB)全网通': '4899.00', '(6GB+128GB)全网通': '3999.00'}",0.3
394,iPhone11Pro,佳沪手机旗舰店,"{'64G 全网通': '11488.00', '256G 全网通': '12988.00'}",0.3
585,努比亚（nubia）努比亚Z20,茄子手机旗舰店,"{'全网通(8GB+128GB)': '2649.00', '全网通(6GB+128GB)': '2449.00', '全网通(8GB+512GB)': '3169.00'}",0.3
480,华为Mate305G,佳沪手机旗舰店,"{'全网通8G+128G': '4999.00', '全网通8G+256G': '5499.00'}",0.3
384,iPhone11,银河信业手机专营店,"{'64GB': '5499.00', '128GB': '5999.00', '256GB': '6899.00'}",0.3
576,小米9Pro,明日数码旗舰店,"{'8GB+256GB': '3698.00', '12GB+256GB': '4098.00', '12GB+512GB': '4438.00', '8GB+128GB': '3618.00'}",0.3
514,iPhone11Pro,新松联手机旗舰店,"{'64GB': '8118.00', '256GB': '9358.00', '512GB': '11288.00'}",0.3
516,华为mate20RS,炜东电商旗舰店,{'': '6599.00'},0.3
436,12期免息|华为Mate30Pro,头号卖家旗舰店,"{'全网通8GB+256GB(5G版)': '6899.00', '全网通8GB+512GB(5G版)': '7899.00', '全网通8GB+128GB(5G版)': '6399.00', '全网通8GB+128GB(4G版)': '5799.00', '全网通8GB+256GB(4G版)': '6299.00'}",0.3
508,vivoS,vivo官方旗舰店,"{'8GB 128GB': '2698.00', '8GB 256GB': '2998.00'}",0.3
327,iPhone11Pro,佳沪手机旗舰店,"{'64G 全网通': '11999.00', '256G 全网通': '12999.00'}",0.3
311,小米9Pro,明日数码旗舰店,"{'8GB+256GB': '3698.00', '12GB+256GB': '4098.00', '12GB+512GB': '4438.00', '8GB+128GB': '3618.00'}",0.3
339,iPhone11Pro,佳沪手机旗舰店,"{'64G 全网通': '11999.00', '256G 全网通': '12999.00'}",0.3
538,8848钛金M5巅峰版智能商务加密轻奢,8848手机官方旗舰店,{'': '16999.00'},0.3
507,8848钛金M5巅峰版智能商务加密轻奢,8848手机官方旗舰店,{'': '16999.00'},0.3
565,ROG游戏2,腾讯智能京东自营旗舰店,{'': '3499.00'},0.2
291,小米红米K304G深海微光全网通(6+128G),鹏瑶旗舰店,{'': '1699.00'},0.2
504,iPhonexXS,零度二手商品专营店,"{'64GB 全网通 【赠苹果充电器】': '4699.00', '256GB 全网通 【赠苹果充电器】': '5269.00', '512GB 全网通 【赠苹果充电器】': '5788.00', '6期免息白条分期0首付 (64G全网通)': '5199.00', '6期免息白条分期0首付 (256G全网通)': '5799.00', '6期免息白条分期0首付 (512G全网通)': '6399.00'}",0.2
156,荣耀V30Pro,掌视界数码旗舰店,{'': '4199.00'},0.2
474,华为nova5i,银河信业手机专营店,{'': '1798.00'},0.2
214,华为nova65G版,炜东电商旗舰店,"{'全网通5G版（8G+128G）': '3799.00', '全网通5G版（8G+256G）': '4199.00', '全网通4G版（8G+128G）': '3199.00'}",0.2
593,iPhoneXR,鸿兴优品二手手机专营店,"{'256G 全网通': '4199.00', '64G 全网通': '3699.00', '128G 全网通': '3999.00', '【6期免息白条分期0首付】64G 全网通': '4099.00', '【6期免息白条分期0首付】128G 全网通': '4299.00', '【6期免息白条分期0首付】256G 全网通': '4688.00'}",0.2
412,华为Mate305G星河银（咨询省50）8GB+128GB,中益德诚手机专营店,"{'8GB+128GB': '4999.00', '8GB+256GB': '5499.00', '8GB+128GB(1年延保版)': '4999.00'}",0.2
356,华为Mate305G星河银（咨询省50）8GB+128GB,中益德诚手机专营店,"{'8GB+128GB': '4999.00', '8GB+256GB': '5499.00', '8GB+128GB(1年延保版)': '4999.00'}",0.2
183,华为nova65G版,炜东电商旗舰店,"{'全网通5G版（8G+128G）': '3799.00', '全网通5G版（8G+256G）': '4199.00', '全网通4G版（8G+128G）': '3199.00'}",0.2
444,红米红米K30王一博同款深海微光6G+128G全网通,疆界互联旗舰店,"{'6G+128G 全网通【现货速发】': '1699.00', '8G+128G 全网通【现货速发】': '1899.00', '8G+256G 全网通【现货速发】': '2199.00'}",0.2
272,一加一加7Pro,疆界互联旗舰店,"{'8G+256G全网通【明星单品】': '3899.00', '6G+128G全网通【明星单品】': '3799.00', '12G+256G全网通【明星单品】': '4499.00', '8G+256G全网通【碎屏套装】': '3999.00', '6G+128G全网通【碎屏套装】': '3899.00', '12G+256G全网通【碎屏套装】': '4499.00', '8G+256G全网通【银耳套装】': '3999.00', '6G+128G全网通【银耳套装】': '3899.00', '12G+256G全网通【银耳套装】': '4499.00'}",0.2
512,荣耀20Pro,鹏瑶旗舰店,{'': '2389.00'},0.2
177,iPhoneXx二手深空灰256G全网通,发动机优品二手手机专营店,"{'64G 全网通': '3566.00', '256G 全网通': '3949.00', '64G 全网通 6期免息': '3866.00', '256G 全网通 6期免息': '4199.00'}",0.2
602,三星GalaxyS,文海二手商品专营店,"{'8G+128G（全网通）赠送三星充电器套装': '3386.00', '8G+512G（全网通）赠送三星充电器套装': '3788.00'}",0.2
584,小米CC美图定制版,淘金手机专营店,{'': '1668.00'},0.2
317,华为P20全面屏莱卡,酷比电子手机专营店,"{'全网通 6GB+64GB': '2199.00', '全网通 6GB+128GB': '2499.00'}",0.1
213,华为nova6（5G/4G)S,冰之凯盛手机专营店,"{'全网通5G版（8+128GB）': '3799.00', '全网通5G版（8+256GB）': '4199.00', '全网通4G版（8+128GB）': '3199.00'}",0.1
182,华为nova6（5G/4G)S,冰之凯盛手机专营店,"{'全网通5G版（8+128GB）': '3799.00', '全网通5G版（8+256GB）': '4199.00', '全网通4G版（8+128GB）': '3199.00'}",0.1
586,三星GalaxyNote10+5G莫奈彩12G+256G,疆界互联旗舰店,"{'12G+256G【官方标配】': '7399.00', '12G+256G【保护套装】': '7599.00', '12G+256G【碎屏套装】': '7499.00'}",0.1
305,华为新品新款全面屏全网通天空之境全网通8GB+128GB（送好礼）,乐服手机旗舰店,"{'全网通8GB+64GB（送好礼）': '3388.00', '全网通8GB+128GB（送好礼）': '3688.00', '全网通8GB+256GB（送好礼）': '4188.00'}",0.1
401,OPPOReno2Z新品全网通opporeno2z8+128G深海夜光全网通,牧申手机旗舰店,"{'全网通': '2499.00', '超值套装': '2599.00'}",0.1
203,荣耀V30Pro,明日数码旗舰店,"{'全网通(8+256G)': '4199.00', '全网通(8+128G)': '3899.00'}",0.1
411,荣耀V305G版5G全网通8G+128G幻夜星河,掌视界数码旗舰店,{'': '3699.00'},0.1
191,锤子（S,牧申手机旗舰店,"{'8+128GB': '2899.00', '8+256GB': '3199.00', '12+256GB': '3399.00'}",0.1
453,当天发HUAWEI/华为nova65G/4Gnova65G版普罗旺斯8G+128G,咪咕旗舰店,"{'8G+256G': '4199.00', '8G+128G': '3799.00'}",0.1
493,荣耀V30Pro,OKSJ手机旗舰店,"{'8G+128G': '3899.00', '8G+256G': '4199.00'}",0.1
352,OPPOReno2Z新品全网通opporeno2z8+128G深海夜光全网通,牧申手机旗舰店,"{'全网通': '2499.00', '超值套装': '2599.00'}",0.1
292,华为nova6(5G/4G版可选)亮黑色全网通5G版(8G+128G),掌视界数码旗舰店,"{'全网通5G版(8G+128G)': '3799.00', '全网通5G版(8G+256G)': '4199.00', '全网通4G版(8G+128G)': '4199.00'}",0.1
491,一加OnePluS,牧申手机旗舰店,"{'8+256G  下单送豪礼': '5999.00', '12+256G 下单送豪礼': '5299.00'}",0.1
123,荣耀v30Pro,京铠玄手机旗舰店,"{'5G全网通 8G+128G': '3899.00', '5G全网通 8G+256G': '4199.60'}",0.1
284,华为Mate20RS,银河信业手机专营店,{'': '6788.00'},0.1
81,华为mate30保时捷,炜东电商旗舰店,{'': '13888.00'},0.1
486,华为mate20x宝石蓝全网通(6+128G),鹏瑶旗舰店,{'': '3039.00'},0.1
542,iPhone11,君问手机旗舰店,"{'64G': '5219.00', '128G': '5789.00', '256G': '6509.00'}",0.1
361,荣耀V305G版5G全网通8G+128G幻夜星河,掌视界数码旗舰店,{'': '3699.00'},0.1
234,荣耀V30Pro,明日数码旗舰店,"{'全网通(8+256G)': '4199.00', '全网通(8+128G)': '3899.00'}",0.1
116,联想Z6Pro,联想手机京东自营官方旗舰店,{'': '3299.00'},0.1
242,荣耀V30Pro,明日数码旗舰店,"{'全网通(8+256G)': '4199.00', '全网通(8+128G)': '3899.00'}",0.1
222,锤子（S,牧申手机旗舰店,"{'8+128GB': '2899.00', '8+256GB': '3199.00', '12+256GB': '3399.00'}",0.1
503,华为mate305g版亮黑色全网通(8GB+128GB),鹏瑶旗舰店,{'': '4999.10'},0.1
372,（Apple）iPhone11,马上优品二手商品旗舰店,"{'64G 全网通': '4999.00', '128G 全网通': '5499.00', '256G 全网通': '6399.00'}",0.1
574,荣耀V30,OKSJ手机旗舰店,"{'6G+128G 3期免息': '3299.00', '8G+128G 6期免息': '3699.00'}",0.1
610,realme真我X大师版4800万,realme官方旗舰店,{'': '1799.00'},0.07
281,华为Mate30RS,千瑞达手机旗舰店,{'': '13688.00'},0.04
373,华为Mate30rS,鹏瑶旗舰店,{'': '13788.00'},0.03
475,华为mate20RS,牧申手机旗舰店,{'': '6599.00'},0.03
570,APPLEiPhone11Pro,科族数码专营店,"{'全网通64G版': '9488.00', '全网通256G版': '10780.00'}",0.03
515,iPhone11Pro,迪信通官方旗舰店,"{'512GB': '11699.00', '64GB': '8099.00', '256GB': '9899.00'}",0.03
450,华为Mate30RS,OKSJ手机旗舰店,{'': '13588.00'},0.02
172,华为mate30RS,牧申手机旗舰店,"{'24期免息版12G+512G': '15339.00', '全网通 12+512G': '13788.00'}",0.02
522,华为mate30RS,银河信业手机专营店,{'': '14388.00'},0.02
313,三星W205G（S,聚捷联盛手机旗舰店,{'': '21999.00'},0.008
502,AppleiPhoneX,拍拍二手自营旗舰店,"{'64G全网通': '4399.00', '256G全网通': '4999.00'}",0.0
100,华为P30Pro,福气多多手机旗舰店,"{'全网通8G+128G【 华为官方直供】': '4488.00', '全网通8G+256G【 华为官方直供】': '4988.00', '全网通8G+512G【 华为官方直供】': '5788.00'}",0.0
488,荣耀20Pro,掌视界数码旗舰店,"{'全网通（8G+128G）': '2699.00', '全网通（8G+256G）': '2999.00'}",0.0
414,荣耀10青春版,掌视界数码旗舰店,"{'全网通(6G+128G)': '1199.00', '全网通(4G+64G)': '875.00', '全网通(6G+64G)': '1099.00'}",0.0
572,华为p30超感光徕卡三摄麒麟980天空之境全网通8GB+128GB,天翼电信旗舰店,"{'全网通8GB+128GB': '3688.00', '全网通6GB+128GB': '3388.00', '全网通8GB+256GB': '4188.00'}",0.0
207,iPhoneX,智达二手手机专营店,"{'64G 全网通4G': '3049.00', '256G 全网通4G': '3519.00', '64G 全网通4G 赠原装充电器': '3188.00', '256G 全网通4G 赠原装充电器': '3688.00', '64G 全网通4G【6期免息】': '3279.00', '256G 全网通4G【6期免息】': '3869.00'}",0.0
